"","pop","ZIP","pop_share"
"7",40017,90001,0.00130018997453035
"10",34743,90002,0.00112883275320759
"11",46544,90003,0.00151225834456708
"12",51986,90004,0.0016890740439297
"13",31246,90005,0.00101521193353263
"14",48909,90006,0.0015890994193544
"15",37438,90007,0.00121639583843035
"16",27066,90008,0.000879399801350388
"17",3597,90010,0.0001168699137463
"19",72194,90011,0.00234565097386721
"25",27311,90012,0.000887360081825185
"28",10192,90013,0.000331147667751539
"29",6549,90014,0.000212783170732421
"30",14633,90015,0.000475439935459995
"31",38009,90016,0.00123494816557773
"34",18932,90017,0.000615118489587141
"38",37791,90018,0.0012278651405022
"39",54872,90019,0.00178284289882873
"42",32762,90020,0.00106446819965423
"43",2594,90021,0.0000842815002107038
"44",52169,90022,0.00169501988608026
"45",33871,90023,0.00110050065290545
"46",47503,90024,0.00154341715671128
"47",40492,90025,0.00131562317136924
"48",56419,90026,0.00183310638411245
"49",40883,90027,0.0013283271291882
"50",27484,90028,0.000892981014568613
"54",33397,90029,0.00108509994700728
"55",30941,90031,0.00100530219661503
"56",37605,90032,0.0012218218255295
"57",36580,90033,0.0011885186112982
"58",50553,90034,0.00164251452588732
"59",26327,90035,0.000855388996163145
"60",31494,90036,0.00102326968682957
"62",45181,90037,0.00146797319237464
"63",23769,90038,0.000772277169818125
"64",23701,90039,0.00077006778584961
"66",10157,90040,0.000330010484826568
"67",24168,90041,0.000785241055162794
"68",48714,90050,0.00158276368591527
"69",48714,90042,0.00158276368591527
"70",35066,90043,0.00113932732705803
"71",64958,90044,0.00211054652686465
"73",34969,90045,0.00113617570580883
"77",47599,90046,0.00154653628701977
"78",37241,90047,0.0012099951231098
"79",20151,90048,0.000654724946316843
"80",30204,90049,0.000981356373309212
"81",7059,90056,0.000229353550496283
"82",35845,90057,0.00116463776987381
"84",28935,90059,0.000940125369543837
"85",20403,90061,0.000662912663376634
"86",25206,90062,0.000818966651623361
"87",40904,90063,0.00132900943894319
"88",20964,90064,0.000681140081116883
"89",37518,90065,0.00121899511368743
"90",48461,90066,0.00157454347791477
"91",2173,90067,0.000070602814170339
"92",19897,90068,0.000646472247375625
"93",19568,90069,0.000635782727880899
"97",6800,90077,0.000220938396851498
"102",5067,90094,0.000164631596595079
"106",73392,90201,0.00238457512084193
"109",17943,90210,0.000582984949221533
"111",6670,90211,0.000216714574558749
"112",10495,90212,0.000340992422787716
"114",37167,90220,0.001207590793497
"116",38258,90221,0.00124303840981538
"117",22976,90222,0.000746511853832355
"118",26885,90230,0.000873518941081253
"121",12681,90232,0.00041201761918733
"122",20590,90240,0.00066898846929005
"124",34682,90241,0.00112685080582407
"125",32673,90242,0.00106157650593073
"126",13469,90245,0.000437620480469533
"127",37246,90247,0.00121015757781337
"128",8388,90248,0.000272534010704465
"129",21504,90249,0.000698685189102149
"130",72714,90250,0.00236254626303821
"132",16531,90254,0.000537107740934134
"133",56280,90255,0.00182859014335328
"135",27168,90260,0.000882713877303161
"136",51506,90262,0.00167347839238724
"138",14840,90265,0.000482165560187681
"139",14840,90264,0.000482165560187681
"141",27774,90266,0.000902403387375515
"142",19474,90270,0.000632728579453834
"143",18317,90272,0.000595136561048366
"144",20390,90274,0.000662490281147359
"146",34435,90275,0.00111882554346784
"147",29066,90277,0.0009443816827773
"148",32232,90278,0.0010472480010761
"149",72155,90280,0.00234438382717939
"150",5190,90290,0.000168627982302834
"151",24348,90291,0.000791089424491216
"153",19623,90292,0.000637569729620139
"156",11163,90293,0.000362696371184305
"157",28356,90301,0.000921313114870746
"161",22731,90302,0.000738551573357559
"164",19540,90303,0.000634872981540922
"165",19763,90304,0.000642118461320022
"166",12924,90305,0.0004199129177807
"171",6680,90401,0.000217039483965883
"172",9714,90402,0.000315616998090507
"174",22116,90403,0.000718569644818783
"175",18803,90404,0.000610927158235105
"177",24794,90405,0.000805580384049417
"180",34208,90501,0.00111145009992589
"181",14163,90502,0.000460169193324671
"182",36682,90503,0.00119183268725098
"185",27072,90504,0.000879594746994669
"186",30134,90505,0.00097908200745927
"189",27248,90601,0.000885313152560237
"190",20491,90602,0.000665771866159418
"192",16641,90603,0.000540681744412614
"193",30931,90604,0.00100497728720789
"194",32291,90605,0.00104916496657819
"196",25891,90606,0.000841222946012078
"198",37082,90620,0.00120482906353636
"201",27480,90621,0.000892851050805759
"202",12897,90623,0.000419035662381436
"203",39537,90630,0.00128459432298789
"205",53481,90631,0.00173764800029632
"206",40705,90638,0.00132254374174121
"209",50624,90640,0.00164482138267797
"210",82337,90650,0.00267520658552379
"214",49376,90660,0.00160427268866758
"216",12230,90670,0.000397364204925562
"218",23575,90680,0.000765973927319715
"219",13742,90701,0.000446490507284306
"221",41625,90703,0.00135243540719759
"222",3017,90704,0.0000980251681324955
"223",58223,90706,0.00189172004115952
"224",58223,90707,0.00189172004115952
"225",22003,90710,0.000714898168518163
"227",25538,90712,0.000829753643940228
"229",22421,90713,0.000728479381736387
"230",16204,90715,0.000526483203320834
"231",10577,90716,0.00034365667992622
"232",17603,90717,0.000571938029378958
"233",17786,90720,0.000577883871529521
"235",40041,90723,0.00130096975710747
"236",48653,90731,0.00158078173853175
"238",16585,90732,0.000538862251732661
"239",21429,90740,0.000696248368548639
"242",41521,90744,0.00134905634936339
"245",46445,90745,0.00150904174143644
"246",22002,90746,0.00071486567757745
"248",8921,90755,0.000289851682104737
"252",33532,90802,0.00108948622400359
"254",27481,90803,0.000892883541746473
"255",32036,90804,0.00104087977669626
"256",70300,90805,0.00228411313215593
"257",32458,90806,0.00105459095367734
"259",27553,90807,0.000895222889477841
"262",31966,90808,0.00103860541084632
"265",27597,90810,0.000896652490869233
"266",42837,90813,0.0013918144273423
"267",16244,90814,0.000527782840949372
"269",33698,90815,0.00109487972016203
"277",30328,91003,0.000985385249957681
"278",30328,91001,0.000985385249957681
"280",26431,91006,0.000858768053997344
"281",28024,91007,0.000910526122553879
"283",1064,91008,0.0000345703609191167
"285",21038,91010,0.000683544410729678
"286",16240,91011,0.000527652877186518
"287",16240,91012,0.000527652877186518
"288",33154,91016,0.00107720464841391
"291",7127,91020,0.000231562934464798
"293",8991,91024,0.000292126047954679
"294",20513,91030,0.000666486666855114
"296",16913,91040,0.000549519280286674
"299",23373,91042,0.000759410757295597
"304",18467,91101,0.000600010202155384
"309",22049,91103,0.000716392751790982
"311",31162,91104,0.0010124826945127
"317",10048,91105,0.000326468972288802
"319",21306,91106,0.000692251982840884
"324",26390,91107,0.000857435925428092
"326",10815,91108,0.000351389523816022
"328",19549,91201,0.000635165400007343
"330",19635,91202,0.0006379596209087
"331",11299,91203,0.000367115139121335
"332",13580,91204,0.000441226974888727
"334",32121,91205,0.00104364150665691
"336",28769,91206,0.000934731873385403
"338",8851,91207,0.000287577316254795
"339",13428,91208,0.000436288351900281
"341",25034,91214,0.000813378209820647
"344",21033,91301,0.000683381956026111
"345",19763,91302,0.000642118461320022
"349",21401,91303,0.000695338622208663
"350",41709,91304,0.00135516464621752
"351",39130,91306,0.00127137051011752
"354",21118,91307,0.000686143685986755
"356",31973,91311,0.00103883284743131
"358",24101,91316,0.000783064162134993
"360",34455,91320,0.00111947536228211
"363",26540,91321,0.000862309566535111
"364",23778,91324,0.000772569588284547
"366",27661,91325,0.000898731911074895
"367",29135,91326,0.000946623557686528
"371",76825,91331,0.00249611652031122
"373",61678,91335,0.00200397624132451
"376",26329,91340,0.000855453978044572
"377",70994,91392,0.00230666184501106
"378",70994,91342,0.00230666184501106
"381",47152,91343,0.00153201283652086
"383",43467,91344,0.00141228371999177
"385",14846,91345,0.000482360505831961
"388",27499,91350,0.000893468378679315
"389",25003,91351,0.00081237099065853
"391",36573,91352,0.00118829117471321
"392",21752,91354,0.000706742942399086
"393",26879,91355,0.000873323995436972
"397",24260,91356,0.000788230221708432
"399",35933,91360,0.0011674969726566
"401",16772,91361,0.000544938057646077
"403",28673,91362,0.000931612743076912
"405",21817,91364,0.00070885485354546
"406",34580,91367,0.00112353672987129
"408",11162,91377,0.000362663880243591
"409",14653,91381,0.000476089754274264
"411",23237,91384,0.000754991989358567
"413",31915,91387,0.00103694837286993
"414",15025,91390,0.00048817638421967
"415",32458,91401,0.00105459095367734
"417",52690,91402,0.00171194766619197
"419",20712,91403,0.000672952364057092
"423",41082,91405,0.00133479282639018
"424",41507,91406,0.0013486014761934
"430",19483,91411,0.000633020997920255
"433",26697,91423,0.000867410644227123
"434",11847,91436,0.000384920174632308
"435",16717,91501,0.000543151055906837
"437",10346,91502,0.000336151272621411
"438",20994,91504,0.000682114809338286
"443",25652,91505,0.000833457611181562
"446",15202,91506,0.000493927280725952
"449",32673,91601,0.00106157650593073
"450",15845,91602,0.000514818955604704
"453",24253,91604,0.000788002785123438
"454",44500,91605,0.00144584686174877
"459",36946,91606,0.00120041029559933
"462",24990,91607,0.000811948608429255
"465",32953,91701,0.0010706739693305
"467",47257,91702,0.00153542438529577
"468",59666,91706,0.00193860446860904
"469",2966,91708,0.0000963681301561092
"470",59141,91709,0.00192154672473448
"471",65566,91710,0.00213030101881843
"472",30320,91711,0.000985125322431973
"473",28155,91722,0.000914782435787342
"474",15276,91723,0.000496331610338747
"475",20338,91724,0.000660800752230259
"476",52722,91730,0.0017129873762948
"480",23423,91731,0.00076103530433127
"481",49314,91732,0.00160225825034335
"482",33383,91733,0.00108464507383729
"483",20471,91737,0.000665122047345149
"484",28340,91739,0.000920793259819331
"485",21267,91740,0.00069098483615306
"486",20485,91741,0.000665576920515137
"488",65631,91744,0.0021324129299648
"489",45045,91745,0.00146355442443761
"494",23044,91746,0.00074872123780087
"495",39997,91748,0.00129954015571608
"496",27642,91750,0.000898114583201339
"497",21856,91752,0.000710122000233285
"498",27592,91754,0.000896490036165666
"500",23641,91755,0.000768118329406803
"504",45919,91761,0.00149195150662117
"505",42649,91762,0.00138570613048817
"506",28792,91763,0.000935479165021813
"507",39873,91764,0.00129551127906761
"508",39540,91765,0.00128469179581003
"509",53257,91766,0.0017303700295765
"510",37716,91767,0.00122542831994869
"511",28075,91768,0.000912183160530265
"514",52320,91770,0.001699926018128
"516",28088,91773,0.00091260554275954
"517",20827,91775,0.000676688822239139
"518",31552,91776,0.00102515416139095
"520",28815,91780,0.000936226456658222
"521",22026,91784,0.000715645460154572
"523",40567,91786,0.00131805999192275
"525",36253,91789,0.0011778940736849
"527",36359,91790,0.00118133811340053
"528",26355,91791,0.000856298742503122
"529",24158,91792,0.00078491614575566
"534",45128,91801,0.00146625117251682
"536",25555,91803,0.000830305989932357
"538",14982,91901,0.000486779273768991
"540",16223,91902,0.00052710053119439
"541",1066,91905,0.0000346353428005436
"542",2962,91906,0.0000962381663932554
"543",60866,91910,0.00197759359746519
"546",64859,91911,0.00210732992373401
"547",31758,91913,0.00103184729517792
"548",12151,91914,0.000394797420609199
"550",20036,91915,0.000650988488134796
"551",1198,91916,0.0000389241469747198
"552",638,91917,0.0000207292201751847
"555",19598,91932,0.000636757456102302
"558",6801,91935,0.000220970887792211
"559",27018,91941,0.000877840236196143
"562",32691,91942,0.00106216134286358
"564",20233,91945,0.000657389203455347
"568",48347,91950,0.00157083951067344
"569",1393,91962,0.0000452598804138436
"570",783,91963,0.0000254404065786357
"573",45798,91977,0.00148802010279484
"576",3715,92003,0.000120703844750487
"577",2265,92004,0.0000735919807159769
"578",9493,92007,0.000308436500192834
"579",22806,92008,0.000740988393911068
"581",33514,92009,0.00108890138707075
"582",11693,92010,0.000379916569762436
"584",18774,92011,0.000609984920954415
"585",11322,92014,0.000367862430757744
"586",35737,92019,0.00116112874827676
"587",45927,92020,0.00149221143414687
"589",52458,92021,0.00170440976794645
"591",40304,92024,0.00130951487451511
"594",37591,92025,0.00122136695235951
"595",39931,92026,0.00129739575362899
"597",43119,92027,0.00140097687262349
"598",39273,92028,0.00127601671463954
"599",39273,92088,0.00127601671463954
"600",16283,92029,0.000529049987637197
"601",2482,92036,0.0000806425148507967
"602",33584,92037,0.00109117575292069
"608",32619,92040,0.00105982199513221
"609",34361,92054,0.00111642121385505
"614",42892,92056,0.00139360142908154
"615",42902,92057,0.00139392633848867
"617",32652,92058,0.00106089419617575
"619",61,92060,0.00000198194738352079
"620",1604,92061,0.0000521154689043827
"621",38902,92064,0.00126396257563485
"623",28240,92065,0.000917544165747985
"627",36544,92069,0.00118734893743252
"629",43282,92071,0.00140627289595978
"631",10628,92075,0.000345313717902606
"632",35814,92078,0.0011636305507117
"634",24116,92081,0.000783551526245695
"635",15678,92082,0.000509392968505556
"636",28565,92083,0.000928103721479858
"638",38426,92084,0.00124849688785524
"639",1231,92086,0.0000399963480182638
"640",1264,92091,0.0000410685490618078
"642",34287,92112,0.00111401688424225
"643",34287,92101,0.00111401688424225
"645",35047,92102,0.00113870999918448
"647",29640,92103,0.000963031482746823
"648",38282,92104,0.00124381819239251
"650",52547,92105,0.00170730146166995
"654",16147,92106,0.000524631219700167
"655",24029,92107,0.000780724814403624
"657",17474,92108,0.000567746698026923
"660",42212,92109,0.00137150758939639
"663",24167,92110,0.000785208564222081
"665",38677,92111,0.00125665211397432
"667",42350,92113,0.00137599133921484
"670",53877,92114,0.00175051441281885
"672",50416,92115,0.00163806326700958
"676",29016,92116,0.000942757135741627
"678",44818,92117,0.00145617898089565
"679",18822,92118,0.000611544486108661
"682",19798,92119,0.000643255644244993
"683",21375,92120,0.000694493857750113
"686",4047,92121,0.000131490837067355
"687",39320,92122,0.00127754378885307
"690",23654,92123,0.000768540711636078
"692",22254,92124,0.00072305339463724
"693",64260,92126,0.00208786785024665
"696",30352,92127,0.000986165032534803
"699",39630,92128,0.00128761598047424
"703",42234,92129,0.00137222239009208
"704",36667,92130,0.00119134532314028
"705",25349,92131,0.000823612856145385
"710",29036,92139,0.000943406954555896
"716",66995,92154,0.00217673057309796
"719",22937,92173,0.00074524470714453
"722",46603,92201,0.00151417531006917
"723",21156,92203,0.000687378341733866
"724",4713,92210,0.000153129803582516
"725",21869,92211,0.00071054438246256
"726",27034,92220,0.000878360091247558
"728",35298,92223,0.00114686522530355
"730",19509,92225,0.000633865762378805
"731",19615,92227,0.000637309802094431
"732",2195,92230,0.000071317614866035
"734",29307,92231,0.000952211999489242
"735",8236,92233,0.00026759538771602
"736",39426,92234,0.0012809878285687
"737",39426,92235,0.0012809878285687
"738",28702,92236,0.000932554980357602
"740",25573,92240,0.000830890826865199
"741",7813,92241,0.000253851719794228
"742",1135,92242,0.0000368772177097721
"743",36538,92244,0.00118715399178824
"744",36538,92243,0.00118715399178824
"745",4836,92249,0.000157126189290271
"746",6193,92250,0.00020121639583843
"747",17126,92251,0.00055643985065864
"748",7329,92252,0.000238126104488916
"751",31250,92253,0.00101534189729549
"752",8138,92254,0.000264411275526101
"753",3104,92256,0.000100851879974566
"754",1345,92257,0.0000437003152595977
"759",27957,92260,0.000908349229526077
"760",23280,92263,0.000756389099809246
"761",23280,92262,0.000756389099809246
"762",18186,92264,0.000590880247814903
"763",62,92266,0.00000201443832423425
"766",16123,92270,0.000523851437123044
"767",903,92273,0.0000293393194642504
"768",13098,92274,0.000425566341464841
"770",6457,92276,0.000209794004186783
"771",17956,92277,0.000583407331450808
"774",1381,92281,0.0000448699891252821
"775",563,92282,0.0000182923996216755
"776",1762,92283,0.0000572490375371087
"777",19701,92284,0.000640104022995788
"779",2284,92285,0.0000742093085895325
"780",21641,92301,0.000703136447979892
"783",30186,92307,0.00098077153637637
"784",30936,92308,0.00100513974191146
"786",5763,92310,0.000187245291331644
"788",24433,92311,0.00079385115445186
"789",9961,92313,0.000323642260446731
"790",8774,92314,0.000285075513819859
"791",4260,92315,0.000138411407439321
"792",23077,92316,0.000749793438844414
"793",6816,92320,0.000221458251902913
"794",1002,92321,0.0000325559225948825
"796",41772,92324,0.00135721157548247
"797",6836,92325,0.000222108070717182
"799",272,92328,0.00000883753587405992
"800",7,92332,0.000000227436584994189
"801",607,92333,0.0000197220010130675
"804",71500,92335,0.00232310226101207
"805",67533,92336,0.0021942106992018
"806",28271,92337,0.000918551384910102
"808",782,92339,0.0000254079156379223
"810",5088,92342,0.000165313906350062
"811",15733,92344,0.000511179970244796
"813",59571,92345,0.00193551782924126
"814",45082,92346,0.001464756589244
"816",1036,92347,0.00003366061457914
"819",5241,92352,0.000170285020279221
"821",17741,92354,0.000576421779197415
"824",5368,92356,0.00017441136974983
"825",969,92358,0.0000314837215513385
"826",6587,92359,0.000214017826479532
"827",4051,92363,0.000131620800830209
"831",1601,92365,0.0000520179960822424
"833",11918,92371,0.000387227031422963
"835",4949,92372,0.000160797665590892
"836",26945,92373,0.00087546839752406
"838",31782,92374,0.00103262707775504
"839",61044,92376,0.00198337698491218
"840",14781,92377,0.000480248594685587
"842",4122,92382,0.000133927657620864
"845",1577,92386,0.0000512382135051194
"846",95,92389,0.00000308663936777828
"847",2084,92391,0.0000677111204468414
"848",39845,92392,0.00129460153272764
"849",24753,92394,0.000804248255480166
"851",30200,92395,0.000981226409546358
"852",3490,92397,0.00011339338308996
"853",898,92398,0.0000291768647606831
"854",42061,92399,0.00136660145734865
"855",1398,92401,0.0000454223351174109
"861",43900,92404,0.0014263522973207
"863",20792,92405,0.000675551639314168
"866",45021,92407,0.00146277464186048
"868",11295,92408,0.000366985175358481
"869",32240,92410,0.00104750792860181
"870",18784,92411,0.000610309830361549
"872",16935,92501,0.00055023408098237
"874",68317,92503,0.00221968359672114
"877",42625,92504,0.00138492634791104
"879",37212,92505,0.00120905288582911
"881",36955,92506,0.00120070271406575
"883",45145,92507,0.00146680351850895
"885",28116,92508,0.000913515289099517
"887",57929,92509,0.00188216770458977
"888",1033,92518,0.0000335631417569996
"889",37520,92530,0.00121906009556885
"891",15136,92532,0.000491782878638864
"892",2372,92536,0.0000770685113723166
"893",3179,92539,0.000103288700528075
"894",26638,92543,0.000865493678725029
"896",35950,92544,0.00116804931864873
"897",32602,92545,0.00105926964914008
"898",5549,92548,0.000180292230018965
"899",2408,92549,0.000078238185238001
"900",23576,92551,0.000766006418260429
"902",52821,92553,0.00171620397942544
"905",30153,92555,0.000979699335332826
"906",39278,92557,0.00127617916934311
"907",1448,92561,0.0000470468821530837
"909",47402,92562,0.00154013557169922
"910",42306,92563,0.00137456173782345
"911",7062,92567,0.000229451023318423
"912",42057,92570,0.0013664714935858
"914",37928,92571,0.00123231639937994
"916",11504,92582,0.000373775781967593
"918",23275,92583,0.000756226645105678
"919",34218,92584,0.00111177500933302
"920",15216,92585,0.00049438215389594
"921",17358,92586,0.000563977748904162
"922",13224,92587,0.000429660199994736
"923",3259,92590,0.000105887975785152
"924",3259,92593,0.000105887975785152
"925",29948,92591,0.000973038692486567
"926",29948,92589,0.000973038692486567
"927",55624,92592,0.00180727608624525
"928",23315,92595,0.000757526282734217
"929",18417,92596,0.000598385655119711
"930",17879,92602,0.000580905529015872
"931",15258,92603,0.000495746773405905
"932",23012,92604,0.00074768152769804
"933",17362,92606,0.000564107712667016
"934",8826,92610,0.000286765042736959
"935",26088,92612,0.000847623661332629
"939",20152,92614,0.000654757437257557
"941",14916,92617,0.000484634871681903
"943",17180,92618,0.000558194361457167
"945",33244,92620,0.00108012883307812
"946",5423,92624,0.00017619837148907
"947",10706,92625,0.000347848011278255
"948",42831,92626,0.00139161948169802
"950",48092,92627,0.00156255432079151
"951",22747,92629,0.000739071428408974
"953",48076,92630,0.00156203446574009
"954",16248,92637,0.000527912804712226
"956",45748,92646,0.00148639555575917
"957",47855,92647,0.00155485396784242
"959",39445,92648,0.00128160515644225
"960",27980,92649,0.000909096521162487
"961",20340,92651,0.000660865734111686
"964",23912,92653,0.00077692337434015
"965",7647,92655,0.000248458223635795
"966",39360,92656,0.00127884342648161
"967",7830,92657,0.000254404065786357
"969",28311,92660,0.000919851022538641
"970",2939,92661,0.0000954908747568459
"972",20430,92663,0.000663789918775897
"975",28499,92672,0.00092595931939277
"976",21951,92673,0.000713208639601063
"978",28014,92675,0.000910201213146744
"979",1728,92676,0.0000561443455528512
"981",52881,92677,0.00171815343586824
"983",25444,92679,0.000826699495513164
"984",74092,92683,0.00240731877934135
"987",33558,92688,0.00109033098846214
"988",39611,92691,0.00128699865260069
"990",39460,92692,0.00128209252055296
"991",15594,92694,0.000506663729485626
"992",36050,92701,0.00117129841272007
"996",52253,92703,0.00169774912510019
"998",66293,92704,0.00215392193271711
"1000",35943,92705,0.00116782188206373
"1001",26946,92706,0.000875500888464774
"1002",47797,92707,0.00155296949328104
"1003",47627,92708,0.00154744603335975
"1006",47385,92780,0.00153958322570709
"1007",17087,92782,0.000555172703970815
"1008",48138,92801,0.00156404890406432
"1013",32646,92802,0.00106069925053147
"1014",66191,92804,0.00215060785676434
"1017",52799,92805,0.00171548917872974
"1018",31019,92806,0.00100783648999068
"1022",29714,92807,0.000965435812359619
"1024",15837,92808,0.000514559028078996
"1026",30226,92821,0.000982071174004908
"1028",2402,92823,0.0000780432395937203
"1029",29418,92831,0.000955818493908436
"1031",20145,92832,0.000654530000672562
"1034",40769,92833,0.00132462316194687
"1035",19075,92835,0.000619764694109165
"1037",44111,92840,0.00143320788581124
"1039",26248,92841,0.000852822211846782
"1040",34697,92843,0.00112733816993477
"1041",19455,92844,0.000632111251580278
"1043",13807,92845,0.000448602418430681
"1044",22172,92860,0.000720389137498737
"1045",5096,92861,0.00016557383387577
"1047",15874,92865,0.000515761192885394
"1048",12760,92866,0.000414584403503693
"1052",35056,92867,0.0011390024176509
"1053",21677,92868,0.000704306121845576
"1056",30479,92869,0.000990291382005412
"1057",41921,92870,0.00136205272564877
"1060",36976,92879,0.00120138502382073
"1061",43837,92880,0.00142430536805575
"1063",24869,92881,0.000808017204602927
"1065",52739,92882,0.00171353972228693
"1066",24233,92883,0.000787352966309169
"1067",38208,92886,0.00124141386277971
"1069",15874,92887,0.000515761192885394
"1070",26435,93002,0.000858898017760198
"1071",26435,93001,0.000858898017760198
"1074",41475,93003,0.00134756176609057
"1077",23707,93004,0.000770262731493891
"1078",34773,93010,0.00112980748142899
"1080",28578,93012,0.000928526103709133
"1082",13406,93013,0.000435573551204585
"1084",12347,93015,0.000401165644989036
"1086",28431,93021,0.000923749935424255
"1087",5915,93022,0.00019218391432009
"1089",16983,93023,0.000551793646136616
"1090",44783,93030,0.00145504179797068
"1092",59977,93033,0.00194870915117092
"1093",22728,93035,0.000738454100535418
"1096",32967,93036,0.00107112884250049
"1097",1504,93040,0.0000488663748330372
"1099",18390,93041,0.000597508399720448
"1103",24784,93060,0.000805255474642283
"1104",44889,93063,0.00145848583768631
"1108",57732,93065,0.00187576698926922
"1110",2635,93066,0.0000856136287799554
"1113",26434,93101,0.000858865526819485
"1117",16887,93103,0.000548674515828124
"1120",21219,93105,0.000689425270998814
"1121",10249,93108,0.000332999651372206
"1123",9533,93109,0.000309736137821372
"1124",14491,93110,0.000470826221878685
"1125",14513,93111,0.000471541022574381
"1130",49049,93117,0.00159364815105428
"1133",737,93201,0.0000239458233058168
"1134",2427,93202,0.0000788555131115567
"1135",14828,93203,0.000481775668899119
"1136",11074,93204,0.000359804677460807
"1137",1836,93205,0.0000596533671499044
"1138",1527,93206,0.0000496136664694467
"1139",230,93207,0.00000747291636409478
"1141",17094,93210,0.00055540014055581
"1142",20905,93212,0.000679223115614789
"1143",41467,93215,0.00134730183856486
"1145",640,93218,0.0000207942020566116
"1146",6602,93219,0.000214505190590234
"1148",11409,93221,0.000370689142599815
"1149",1391,93222,0.0000451948985324167
"1150",7452,93223,0.000242122490196671
"1151",354,93224,0.0000115017930125633
"1152",4214,93225,0.000136916824166502
"1155",48933,93230,0.00158987920193152
"1156",4694,93234,0.00015251247570896
"1157",3007,93235,0.0000977002587253609
"1158",1371,93238,0.0000445450797181476
"1159",1413,93239,0.0000459096992281127
"1160",4779,93240,0.000155274205669604
"1161",12548,93241,0.000407696324072441
"1162",2524,93242,0.0000820071343607619
"1163",1302,93243,0.0000423032048089192
"1164",307,93244,0.00000997471879903086
"1165",26833,93245,0.000871829412164153
"1167",13007,93247,0.000422609665859917
"1169",9386,93250,0.000304959969536494
"1170",187,93251,0.00000607580591341619
"1171",3309,93252,0.000107512522820824
"1173",598,93255,0.0000194295825466464
"1174",3544,93256,0.000115147893888487
"1175",53086,93257,0.0017248140787145
"1176",1632,93258,0.0000530252152443595
"1177",145,93260,0.00000471118640345106
"1178",2223,93261,0.0000722273612060117
"1179",44,93262,0.00000142960139139205
"1180",13967,93263,0.000453800968944834
"1181",2608,93265,0.0000847363733806921
"1182",1022,93266,0.0000332057414091516
"1183",4919,93267,0.000159822937369488
"1184",12606,93268,0.000409580798633821
"1185",3897,93270,0.000126617195960336
"1186",2053,93271,0.0000667039012847243
"1187",2053,93237,0.0000667039012847243
"1188",2235,93272,0.0000726172524945732
"1189",50468,93274,0.00163975279592668
"1192",127,93276,0.00000412634947060886
"1194",39600,93290,0.00128664125225284
"1195",39600,93277,0.00128664125225284
"1197",20557,93280,0.000667916268246506
"1198",2035,93283,0.0000661190643518821
"1199",1861,93285,0.0000604656406677408
"1200",7056,93286,0.000229256077674143
"1201",138,93287,0.00000448374981845687
"1202",39404,93291,0.001280273027873
"1204",29084,93292,0.000944966519710142
"1205",8892,93301,0.000288909444824047
"1208",36994,93304,0.00120196986075358
"1209",36994,93385,0.00120196986075358
"1210",25812,93305,0.000838656161695715
"1212",49416,93306,0.00160557232629612
"1213",57024,93307,0.00185276340324409
"1216",41078,93308,0.00133466286262733
"1219",46762,93389,0.00151934136964261
"1220",46762,93309,0.00151934136964261
"1221",32859,93311,0.00106761982090344
"1223",41538,93312,0.00134960869535552
"1224",31475,93313,0.00102265235895601
"1226",17971,93314,0.00058389469556151
"1228",24091,93401,0.000782739252727858
"1229",12960,93402,0.000421082591646384
"1232",32821,93405,0.00106638516515633
"1237",24883,93420,0.000808472077772915
"1238",24883,93421,0.000808472077772915
"1240",25846,93422,0.000839760853679973
"1242",1344,93426,0.0000436678243188843
"1243",4250,93427,0.000138086498032186
"1244",5589,93428,0.000181591867647503
"1246",2512,93430,0.0000816172430722004
"1248",727,93432,0.0000236209138986822
"1249",10731,93433,0.000348660284796092
"1251",4964,93434,0.000161285029701593
"1253",42219,93436,0.00137173502598138
"1254",2236,93437,0.0000726497434352867
"1258",9469,93442,0.000307656717615711
"1259",15448,93444,0.000501920052141462
"1261",5773,93445,0.000187570200738779
"1263",34885,93446,0.0011334464667889
"1265",6454,93449,0.000209696531364642
"1266",578,93450,0.0000187797637323773
"1267",3192,93451,0.00010371108275735
"1268",603,93452,0.0000195920372502137
"1269",2751,93453,0.0000893825779027163
"1271",28470,93454,0.00092501708211208
"1272",33650,93455,0.00109332015500778
"1274",38517,93458,0.00125145356346017
"1275",4289,93460,0.000139353644720011
"1276",1264,93461,0.0000410685490618078
"1277",6922,93463,0.000224902291618539
"1279",7481,93465,0.000243064727477361
"1280",3928,93501,0.000127624415122453
"1283",10595,93505,0.000344241516859062
"1284",6216,93510,0.00020196368747484
"1285",159,93512,0.00000516605957343944
"1286",1282,93513,0.00004165338599465
"1287",11852,93514,0.000385082629335875
"1288",11852,93515,0.000385082629335875
"1289",1664,93516,0.0000540649253471901
"1291",790,93517,0.0000256678431636299
"1292",811,93518,0.0000263501529186125
"1294",18,93522,0.0000005848369328422
"1295",2141,93523,0.0000695631040675084
"1297",657,93526,0.0000213465480487403
"1298",1634,93527,0.0000530901971257864
"1299",79,93528,0.00000256678431636299
"1302",288,93531,0.0000093573909254752
"1303",2063,93532,0.0000670288106918588
"1304",30073,93539,0.000977100060075749
"1305",30073,93584,0.000977100060075749
"1306",30073,93534,0.000977100060075749
"1307",52352,93535,0.00170096572823083
"1309",55816,93536,0.00181351434686224
"1310",375,93541,0.0000121841027675458
"1311",10252,93543,0.000333097124194347
"1312",768,93544,0.0000249530424679339
"1313",1591,93545,0.0000516930866751078
"1314",7636,93546,0.000248100823287947
"1316",264,93549,0.00000857760834835227
"1319",51652,93550,0.00167822206973141
"1320",39175,93551,0.00127283260244962
"1321",29433,93552,0.000956305858019138
"1322",1804,93553,0.0000586136570470738
"1323",128,93554,0.00000415884041132231
"1324",25402,93556,0.000825334876003198
"1325",25402,93555,0.000825334876003198
"1326",267,93558,0.00000867508117049264
"1327",14843,93560,0.000482263033009821
"1329",27909,93561,0.000906789664371831
"1330",1292,93562,0.0000419782954017846
"1332",5026,93591,0.000163299468025828
"1334",1852,93601,0.0000601732222013197
"1335",3400,93602,0.000110469198425749
"1336",236,93603,0.00000766786200837552
"1337",748,93604,0.0000243032236536648
"1341",4252,93609,0.000138151479913613
"1342",19665,93610,0.000638934349130104
"1343",37210,93611,0.00120898790394768
"1345",26609,93612,0.000864551441444339
"1346",8884,93614,0.000288649517298339
"1348",3801,93615,0.000123498065651845
"1349",1544,93616,0.0000501660124615754
"1350",20534,93618,0.000667168976610097
"1351",22617,93619,0.000734847606116225
"1353",7300,93620,0.000237183867208226
"1354",307,93621,0.00000997471879903086
"1355",7138,93622,0.000231920334812646
"1356",58,93623,0.00000188447456138042
"1358",5114,93625,0.000166158670808612
"1359",760,93626,0.0000246931149422262
"1361",205,93628,0.00000666064284625839
"1362",12812,93630,0.000416273932420793
"1363",12859,93631,0.000417801006634325
"1367",27874,93635,0.000905652481446861
"1368",9665,93636,0.000314024941995548
"1369",28253,93637,0.00091796654797726
"1370",34713,93638,0.00112785802498618
"1372",8494,93640,0.000275978050420092
"1373",233,93641,0.00000757038918623515
"1374",2319,93643,0.0000753464915145035
"1375",6477,93644,0.000210443823001052
"1376",135,93645,0.0000043862769963165
"1377",7122,93646,0.000231400479761231
"1378",8161,93647,0.000265158567162511
"1379",11226,93648,0.000364743300449252
"1380",3085,93650,0.00010023455210101
"1381",1407,93651,0.000045714753583832
"1382",196,93652,0.00000636822437983729
"1383",1203,93653,0.0000390866016782871
"1384",23071,93654,0.000749598493200133
"1386",4914,93656,0.000159660482665921
"1388",26503,93657,0.000861107401728713
"1389",3005,93660,0.000097635276843934
"1390",22680,93662,0.000736894535381172
"1394",1689,93667,0.0000548771988650265
"1395",906,93668,0.0000294367922863907
"1396",250,93669,0.00000812273517836389
"1397",695,93673,0.0000225812037958516
"1398",2224,93675,0.0000722598521467252
"1399",7303,93701,0.000237281340030366
"1402",32708,93702,0.0010627136888557
"1403",24003,93703,0.000779880049945074
"1406",20744,93704,0.000673992074159922
"1411",27382,93705,0.00088966693861584
"1417",28204,93706,0.000916374491882301
"1425",26879,93710,0.000873323995436972
"1426",31347,93711,0.00101849351854469
"1428",35182,93729,0.00114309627618079
"1429",35182,93720,0.00114309627618079
"1432",5421,93721,0.000176133389607643
"1443",57373,93722,0.00186410274155309
"1444",7193,93723,0.000233707336551886
"1445",19217,93725,0.000624378407690476
"1447",31899,93726,0.00103642851781852
"1450",53441,93737,0.00173634836266778
"1452",53441,93727,0.00173634836266778
"1454",11294,93728,0.000366952684417767
"1455",7704,93730,0.000250310207256462
"1456",20545,93902,0.000667526376957945
"1457",20545,93901,0.000667526376957945
"1459",41593,93905,0.00135139569709476
"1460",46111,93906,0.00149818976723815
"1461",17401,93912,0.00056537485935484
"1462",17401,93907,0.00056537485935484
"1463",10015,93908,0.000325396771245258
"1464",719,93920,0.0000233609863729746
"1465",2627,93921,0.0000853537012542478
"1466",11142,93923,0.000362014061429322
"1467",11142,93922,0.000362014061429322
"1468",5121,93924,0.000166386107393606
"1469",1297,93925,0.0000421407501053519
"1470",6080,93926,0.00019754491953781
"1471",12062,93927,0.000391905726885701
"1473",11536,93930,0.000374815492070423
"1474",399,93932,0.0000129638853446688
"1475",18374,93933,0.000596988544669033
"1476",29031,93940,0.000943244499852329
"1480",13195,93950,0.000428717962714046
"1481",3964,93953,0.000128794088988138
"1483",25703,93955,0.000835114649157949
"1484",21798,93960,0.000708237525671905
"1486",21525,94002,0.000699367498857131
"1487",3745,94005,0.000121678572971891
"1489",33058,94010,0.00107408551810541
"1491",39544,94014,0.00128482175957289
"1493",53267,94015,0.00173069493898364
"1494",15094,94018,0.000490418259128898
"1495",15094,94019,0.000490418259128898
"1496",1304,94020,0.0000423681866903461
"1498",15355,94022,0.00049889839465511
"1500",17625,94024,0.000572652830074654
"1502",31702,94025,0.00103002780249797
"1503",5910,94027,0.000192021459616522
"1504",5585,94028,0.000181461903884649
"1505",18323,94030,0.000595331506692646
"1506",2324,94037,0.0000755089462180707
"1507",2551,94038,0.0000828843897600252
"1508",26758,94040,0.000869392591610644
"1509",11288,94041,0.000366757738773487
"1512",24301,94043,0.000789562350277684
"1514",31264,94044,0.00101579677046547
"1515",1267,94060,0.0000411660218839482
"1516",29516,94061,0.000959002606098355
"1517",21708,94062,0.000705313341007693
"1518",23859,94063,0.000775201354482336
"1520",9069,94065,0.000294660341330329
"1521",34691,94066,0.00112714322429049
"1522",23474,94070,0.000762692342307656
"1524",53859,94080,0.001749929575886
"1527",18299,94085,0.000594551724115524
"1528",37492,94086,0.00121815034922888
"1529",43127,94087,0.0014012368001492
"1530",16976,94089,0.000551566209551622
"1532",26181,94102,0.00085064531881898
"1534",22233,94103,0.000722371084882258
"1542",5960,94105,0.000193646006652195
"1546",24489,94107,0.000795670647131813
"1547",12967,94108,0.000421310028231378
"1549",52314,94109,0.00169973107248371
"1551",62194,94110,0.00202074156673266
"1554",3253,94111,0.000105693030140871
"1555",70345,94112,0.00228557522448803
"1556",29278,94114,0.000951269762208552
"1558",31021,94115,0.00100790147187211
"1559",39388,94116,0.00127975317282159
"1560",39311,94117,0.00127725137038665
"1562",34417,94118,0.001118240706535
"1564",36569,94121,0.00118816121095036
"1565",51182,94122,0.00166295132759608
"1568",22816,94123,0.000741313303318202
"1571",27083,94124,0.000879952147342517
"1572",16038,94127,0.0005210897071624
"1574",2525,94129,0.0000820396253014753
"1577",24887,94131,0.000808602041535769
"1578",27958,94132,0.000908381720466791
"1579",25319,94133,0.000822638127923982
"1580",33452,94134,0.00108688694874652
"1581",5204,94158,0.000169082855472823
"1582",13899,94301,0.000451591584976319
"1583",35498,94303,0.00115336341344625
"1585",3098,94304,0.000100656934330285
"1587",12609,94305,0.000409678271455961
"1588",21665,94306,0.000703916230557015
"1589",30384,94401,0.000987204742637634
"1590",19349,94402,0.000628667211864652
"1591",32763,94403,0.00106450069059494
"1593",28548,94404,0.00092755137548773
"1594",51240,94501,0.00166483580215746
"1595",10797,94502,0.00035080468688318
"1596",15365,94503,0.000499223304062245
"1597",10888,94505,0.000353761362488104
"1598",16725,94506,0.000543410983432544
"1599",12408,94507,0.000403147592372557
"1600",3631,94508,0.000117974605730557
"1601",49484,94509,0.00160778171026464
"1602",21921,94510,0.00071223391137966
"1603",2042,94511,0.0000663465009368763
"1605",43015,94513,0.00139759781478929
"1606",868,94514,0.0000282021365392794
"1607",6073,94515,0.000197317482952816
"1609",10410,94517,0.000338230692827072
"1610",21845,94518,0.000709764599885437
"1611",16359,94519,0.00053151929913142
"1612",29485,94520,0.000957995386936238
"1617",33237,94521,0.00107990139649312
"1618",28707,94523,0.000932717435061169
"1619",2696,94525,0.0000875955761634762
"1620",24902,94526,0.000809089405646471
"1622",20661,94530,0.000671295326080706
"1623",31892,94531,0.00103620108123353
"1624",54512,94533,0.00177114616017189
"1625",29323,94534,0.000952731854540658
"1626",3245,94535,0.000105433102615163
"1628",55727,94536,0.00181062265313874
"1629",51028,94538,0.00165794772272621
"1630",39786,94539,0.00129268456722554
"1631",48728,94541,0.00158321855908526
"1633",10682,94542,0.000347068228701132
"1636",60085,94544,0.00195221817276798
"1637",24684,94545,0.000802006380570937
"1638",34906,94546,0.00113412877654388
"1639",19676,94547,0.000639291749477952
"1640",352,94548,0.0000114368111311364
"1641",22384,94549,0.00072727721692999
"1642",38096,94550,0.0012377748774198
"1643",31206,94551,0.00101391229590409
"1644",12073,94552,0.000392263127233549
"1645",40581,94553,0.00131851486509274
"1646",26779,94555,0.000870074901365627
"1647",12491,94556,0.000405844340451774
"1649",54334,94558,0.0017653627727249
"1651",21725,94559,0.000705865686999822
"1652",35111,94560,0.00114078941939014
"1653",29119,94561,0.000946103702635113
"1654",14305,94563,0.000464782906905982
"1655",15425,94564,0.000501172760505052
"1656",66460,94565,0.00215934791981626
"1657",33299,94566,0.00108191583481736
"1658",591,94567,0.0000192021459616522
"1659",38372,94568,0.00124674237705672
"1661",7079,94571,0.000230003369310552
"1662",7832,94572,0.000254469047667784
"1663",112,94573,0.00000363898535990702
"1665",7738,94574,0.000251414899240719
"1667",77,94576,0.00000250180243493608
"1669",37134,94577,0.00120651859245346
"1670",30346,94578,0.000985970086890523
"1671",18392,94579,0.000597573381601875
"1672",23247,94580,0.000755316898765702
"1673",27749,94582,0.000901591113857679
"1674",27160,94583,0.000882453949777453
"1675",22105,94585,0.000718212244470935
"1676",885,94586,0.0000287544825314082
"1677",57153,94587,0.00185695473459613
"1678",24078,94588,0.000782316870498583
"1679",24369,94589,0.000791771734246199
"1680",28367,94590,0.000921670515218594
"1681",44247,94591,0.00143762665374827
"1682",525,94592,0.0000170577438745642
"1683",14855,94595,0.000482652924298382
"1684",17353,94596,0.000563815294200595
"1685",17845,94597,0.000579800837031615
"1686",21858,94598,0.000710186982114712
"1687",2908,94599,0.0000944836555947288
"1689",38830,94601,0.00126162322790348
"1690",24312,94602,0.000789919750625532
"1692",24062,94603,0.000781797015447168
"1693",33574,94605,0.00109085084351356
"1694",30971,94606,0.00100627692483643
"1695",20483,94607,0.000665511938633711
"1701",23092,94608,0.000750280802955116
"1702",19648,94609,0.000638382003137975
"1703",25939,94610,0.000842782511166324
"1705",30930,94611,0.00100494479626718
"1708",13482,94612,0.000438042862698808
"1712",14226,94618,0.000462216122589619
"1713",19600,94619,0.000636822437983729
"1715",22613,94621,0.000734717642353371
"1716",14246,94702,0.000462865941403888
"1717",17905,94703,0.000581750293474422
"1719",25592,94704,0.000831508154738755
"1721",11255,94705,0.000365685537729942
"1722",15445,94706,0.000501822579319321
"1723",10179,94707,0.000330725285522264
"1724",9574,94708,0.000311068266390624
"1725",11275,94709,0.000366335356544212
"1726",5462,94710,0.000177465518176894
"1729",20812,94801,0.000676201458128437
"1731",21844,94803,0.000709732108944723
"1733",32261,94804,0.00104819023835679
"1735",11587,94805,0.00037647253004681
"1736",46944,94806,0.00152525472085246
"1738",34251,94901,0.00111284721037657
"1742",25106,94903,0.000815717557552016
"1744",10054,94904,0.000326663917933082
"1745",10176,94920,0.000330627812700124
"1749",7325,94925,0.000237996140726062
"1751",35745,94928,0.00116138867580247
"1756",7065,94930,0.000229548496140564
"1757",7034,94931,0.000228541276978446
"1759",916,94937,0.0000297617016935253
"1761",5521,94939,0.000179382483678988
"1765",24550,94941,0.000797652594515334
"1766",14382,94945,0.000467284709340918
"1767",576,94946,0.0000187147818509504
"1770",20809,94947,0.000676103985306297
"1771",13194,94949,0.000428685471773333
"1773",3874,94951,0.000125869904323927
"1777",28521,94952,0.000926674120088466
"1778",28924,94954,0.000939767969195989
"1780",1452,94956,0.0000471768459159375
"1783",12620,94960,0.000410035671803809
"1788",9716,94965,0.000315681979971934
"1794",20272,95001,0.000658656350143171
"1795",20272,95003,0.000658656350143171
"1796",3440,95004,0.000111768836054287
"1797",5452,95005,0.00017714060876976
"1798",7832,95006,0.000254469047667784
"1800",37468,95008,0.00121737056665175
"1803",7790,95010,0.000253104428157819
"1804",7369,95012,0.000239425742117454
"1807",47383,95014,0.00153951824382567
"1808",573,95017,0.00001861730902881
"1809",6090,95018,0.000197869828944944
"1810",5201,95019,0.000168985382650682
"1812",44228,95020,0.00143700932587471
"1813",38021,95023,0.00123533805686629
"1815",11104,95030,0.000360779405682211
"1817",20251,95032,0.000657974040388189
"1819",7891,95033,0.000256386013169878
"1821",56184,95035,0.00182547101304479
"1823",36282,95037,0.0011788363109656
"1826",1191,95039,0.0000386967103897256
"1828",547,95043,0.0000177725445702602
"1829",3152,95045,0.000102411445128812
"1830",5342,95046,0.00017356660529128
"1832",30761,95050,0.000999453827286607
"1834",43012,95051,0.00139750034196715
"1836",18087,95054,0.000587663644684271
"1839",41344,95060,0.00134330545285711
"1841",30302,95062,0.000984540485499131
"1842",8224,95064,0.000267205496427459
"1843",6813,95065,0.000221360779080773
"1844",12236,95066,0.000397559150569842
"1847",24927,95070,0.000809901679164307
"1848",9177,95073,0.000298169362927382
"1849",270,95075,0.000008772553992633
"1851",63317,95076,0.00205722889315387
"1852",15262,95110,0.000495876737168759
"1855",46268,95111,0.00150329084493016
"1857",47881,95112,0.00155569873230097
"1859",1060,95172,0.0000344403971562629
"1864",1060,95113,0.0000344403971562629
"1866",39509,95116,0.00128368457664792
"1869",24758,95117,0.000804410710183733
"1870",24586,95118,0.000798822268381019
"1872",8108,95119,0.000263436547304698
"1874",29570,95120,0.000960757116896881
"1877",30815,95121,0.00100120833808513
"1879",43042,95122,0.00139847507018855
"1880",50485,95123,0.0016403051419188
"1884",36977,95124,0.00120141751476145
"1885",43444,95125,0.00141153642835536
"1887",28345,95126,0.000920955714522898
"1889",50940,95127,0.00165508851994343
"1891",29705,95128,0.000965143393893198
"1893",31843,95129,0.00103460902513857
"1894",11186,95130,0.000363443662820714
"1897",24098,95131,0.000782966689312852
"1900",32856,95132,0.0010675223480813
"1901",21811,95133,0.000708659907901179
"1903",13822,95134,0.000449089782541383
"1904",16810,95135,0.000546172713393188
"1905",33493,95136,0.00108821907731577
"1906",14039,95138,0.000456140316676203
"1907",5014,95139,0.000162909576737266
"1908",199,95140,0.00000646569720197766
"1909",37071,95148,0.00120447166318851
"1910",4174,95202,0.000135617186537964
"1911",11870,95203,0.000385667466268718
"1914",23017,95204,0.000747843982401607
"1915",26400,95205,0.000857760834835227
"1916",46003,95206,0.0014946807456411
"1917",37417,95207,0.00121571352867537
"1920",31535,95209,0.00102460181539882
"1921",30141,95210,0.000979309444044264
"1923",18646,95212,0.000605826080543093
"1927",18397,95215,0.000597735836305442
"1928",21723,95219,0.000705800705118395
"1929",6069,95220,0.000197187519189962
"1931",4469,95222,0.000145202014048433
"1932",2731,95223,0.0000887327590884472
"1933",266,95224,0.00000864259022977918
"1934",445,95225,0.0000144584686174877
"1937",3659,95228,0.000118884352070534
"1939",4237,95231,0.000137664115802911
"1943",2773,95236,0.0000900973785984123
"1944",2415,95237,0.0000784656218229952
"1947",34886,95240,0.00113347895772961
"1948",20904,95242,0.000679190624674075
"1949",1851,95245,0.0000601407312606063
"1950",1140,95246,0.0000370396724133394
"1952",3969,95247,0.000128956543691705
"1954",3069,95249,0.0000997146970495951
"1956",649,95251,0.0000210866205230327
"1957",11647,95252,0.000378421986489617
"1959",1801,95255,0.0000585161842249335
"1960",313,95257,0.0000101696644433116
"1961",3120,95258,0.000101371735025981
"1962",28020,95301,0.000910396158791025
"1963",752,95303,0.0000244331874165186
"1964",14522,95304,0.000471833441040802
"1967",874,95306,0.0000283970821835602
"1968",31562,95307,0.00102547907079808
"1969",1814,95310,0.0000589385664542084
"1970",1772,95311,0.0000575739469442433
"1974",8718,95315,0.000283256021139906
"1975",5158,95316,0.000167588272200004
"1976",648,95317,0.0000210541295823192
"1977",468,95318,0.0000152057602538972
"1979",10335,95320,0.000335793872273563
"1980",3136,95321,0.000101891590077397
"1981",6808,95322,0.000221198324377206
"1982",780,95323,0.0000253429337564953
"1983",5942,95324,0.000193061169719353
"1985",7090,95326,0.0002303607696584
"1987",7694,95327,0.000249985297849327
"1988",3139,95328,0.000101989062899537
"1989",2176,95329,0.0000707002869924793
"1990",12778,95330,0.000415169240436535
"1991",2313,95333,0.0000751515458702227
"1992",11880,95334,0.000385992375675852
"1993",545,95335,0.0000177075626888333
"1994",34784,95336,0.00113016488177684
"1995",23072,95337,0.000749630984140847
"1996",9420,95338,0.000306064661520751
"1999",27171,95340,0.000882811350125301
"2000",22607,95341,0.00073452269670909
"2001",390,95345,0.0000126714668782477
"2003",23433,95348,0.000761360213738404
"2004",40012,95350,0.00130002751982678
"2007",34497,95351,0.00112083998179208
"2008",18907,95354,0.000614306216069304
"2009",18907,95353,0.000614306216069304
"2010",46102,95355,0.00149789734877173
"2011",26335,95356,0.000855648923688852
"2012",8733,95357,0.000283743385250607
"2013",23528,95358,0.000764446853106183
"2014",8205,95360,0.000266588168553903
"2015",25009,95361,0.00081256593630281
"2016",18017,95363,0.000585389278834329
"2018",3489,95365,0.000113360892149246
"2019",12591,95366,0.000409093434523119
"2020",17801,95367,0.000578371235640223
"2021",10629,95368,0.000345346208843319
"2022",683,95369,0.0000221913125072902
"2023",22432,95370,0.000728836782084235
"2025",1477,95372,0.0000479891194337739
"2026",1286,95374,0.0000417833497575039
"2028",36318,95376,0.00118000598483128
"2030",23039,95377,0.000748558783097303
"2031",3238,95379,0.000105205666030169
"2033",30557,95380,0.000992825675381062
"2034",29201,95382,0.000948767959773616
"2035",3226,95383,0.000104815774741608
"2037",7270,95386,0.000236209138986822
"2039",10180,95388,0.000330757776462978
"2040",1136,95389,0.0000369097086504855
"2041",8454,95391,0.000274678412791553
"2043",30330,95401,0.000985450231839108
"2044",36299,95403,0.00117938865695772
"2045",32725,95404,0.00106326603484783
"2047",17622,95405,0.000572555357252514
"2048",30267,95407,0.00098340330257416
"2049",21651,95409,0.000703461357387027
"2050",867,95410,0.000028169645598566
"2052",1268,95415,0.0000411985128246617
"2054",375,95420,0.0000121841027675458
"2055",1379,95421,0.0000448050072438552
"2057",12583,95422,0.000408833506997411
"2058",2735,95423,0.000088862722851301
"2059",8726,95425,0.000283515948665613
"2060",1289,95426,0.0000418808225796442
"2061",227,95427,0.00000737544354195441
"2062",1906,95428,0.0000619277329998463
"2066",272,95432,0.00000883753587405992
"2068",4861,95436,0.000157938462808108
"2069",11798,95437,0.000383328118537349
"2070",519,95439,0.0000168627982302834
"2071",1635,95441,0.0000531226880664999
"2072",2711,95442,0.000088082940274178
"2074",704,95444,0.0000228736222622727
"2075",1443,95445,0.0000468844274495164
"2076",3972,95446,0.000129054016513846
"2077",14217,95448,0.000461923704123198
"2078",1384,95449,0.0000449674619474225
"2079",215,95450,0.00000698555225339295
"2080",9824,95451,0.000319191001568988
"2082",8667,95453,0.000281598983163519
"2084",547,95456,0.0000177725445702602
"2085",2867,95457,0.0000931515270254771
"2086",2498,95458,0.000081162369902212
"2087",458,95459,0.0000148808508467627
"2088",2116,95460,0.000068750830549672
"2089",2926,95461,0.000095068492527571
"2090",1128,95462,0.0000366497811247779
"2091",18,95463,0.0000005848369328422
"2092",1915,95464,0.0000622201514662674
"2093",2070,95465,0.000067256247276853
"2094",704,95466,0.0000228736222622727
"2095",4497,95467,0.00014611176038841
"2097",1387,95469,0.0000450649347695629
"2098",5619,95470,0.000182566595868907
"2100",25599,95472,0.000831735591323749
"2106",31540,95476,0.00102476427010239
"2109",25754,95482,0.000836771687134335
"2110",2051,95485,0.0000666389194032974
"2112",272,95488,0.00000883753587405992
"2113",10259,95490,0.000333324560779341
"2114",22995,95492,0.000747129181705911
"2115",187,95493,0.00000607580591341619
"2116",139,95494,0.00000451624075917032
"2120",20039,95501,0.000651085960956936
"2121",20483,95503,0.000665511938633711
"2124",142,95514,0.00000461371358131069
"2125",14599,95519,0.000474335243475738
"2127",18252,95521,0.000593024649901991
"2128",1565,95524,0.000050848322216558
"2129",1393,95525,0.0000452598804138436
"2130",226,95526,0.00000734295260124096
"2131",505,95527,0.0000164079250602951
"2132",930,95528,0.0000302165748635137
"2134",19708,95538,0.000640331459580782
"2135",19708,95531,0.000640331459580782
"2136",2530,95536,0.0000822020800050426
"2138",10260,95540,0.000333357051720054
"2139",2255,95542,0.0000732670713088423
"2140",426,95543,0.0000138411407439321
"2142",2568,95546,0.0000834367357521539
"2143",1041,95547,0.0000338230692827072
"2144",1214,95548,0.0000394440020261351
"2145",746,95549,0.0000242382417722379
"2147",1593,95551,0.0000517580685565347
"2148",545,95552,0.0000177075626888333
"2150",272,95554,0.00000883753587405992
"2152",488,95556,0.0000158555790681663
"2154",103,95559,0.00000334656689348592
"2155",1169,95560,0.0000379819096940296
"2156",2817,95562,0.0000915269799898043
"2157",514,95563,0.0000167003435267162
"2158",456,95564,0.0000148158689653357
"2159",832,95565,0.000027032462673595
"2160",1339,95567,0.000043505369615317
"2163",1857,95570,0.000060335676904887
"2165",1226,95573,0.0000398338933146965
"2168",992,95589,0.0000322310131877479
"2169",121,95595,0.00000393140382632812
"2170",144,95601,0.0000046786954627376
"2171",15430,95602,0.000501335215208619
"2172",24265,95603,0.000788392676411999
"2174",11084,95605,0.000360129586867942
"2176",315,95607,0.0000102346463247385
"2177",50162,95608,0.00162981056806836
"2179",35781,95610,0.00116255834966815
"2180",878,95612,0.000028527045946414
"2181",3360,95614,0.000109169560797211
"2183",43275,95616,0.00140604545937479
"2184",21722,95618,0.000705768214177682
"2186",4197,95619,0.000136364478174373
"2187",15531,95620,0.000504616800220679
"2189",33081,95621,0.00107483280974182
"2190",3611,95623,0.000117324786916288
"2192",47850,95624,0.00155469151313885
"2194",4836,95626,0.000157126189290271
"2195",2516,95627,0.0000817472068350542
"2196",33481,95628,0.00108782918602721
"2197",774,95629,0.0000251479881122146
"2200",57639,95630,0.00187274533178287
"2201",4933,95631,0.000160277810539476
"2202",22490,95632,0.000730721256645616
"2203",2945,95633,0.0000956858204011267
"2204",2496,95634,0.0000810973880207851
"2205",870,95635,0.0000282671184207063
"2208",1747,95638,0.0000567616734264069
"2210",9290,95640,0.000301840839228002
"2213",5369,95642,0.000174443860690543
"2214",1564,95645,0.0000508158312758445
"2217",39055,95648,0.00126893368956401
"2218",10079,95650,0.000327476191450919
"2222",3371,95655,0.000109526961145059
"2223",5250,95658,0.000170577438745642
"2224",597,95659,0.000019397091605933
"2226",24187,95660,0.00078585838303635
"2227",24686,95661,0.000802071362452364
"2228",25637,95662,0.00083297024707086
"2229",2026,95663,0.000065826645885461
"2230",961,95664,0.0000312237940256308
"2231",4307,95665,0.000139938481652853
"2233",4955,95666,0.000160992611235172
"2234",30752,95667,0.000999161408820186
"2236",652,95668,0.000021184093345173
"2237",2227,95669,0.0000723573249688655
"2239",41882,95670,0.00136078557896095
"2240",4175,95672,0.000135649677478677
"2241",11550,95673,0.000375270365240412
"2242",680,95674,0.0000220938396851498
"2244",18181,95677,0.000590717793111336
"2245",31963,95678,0.00103850793802418
"2248",1191,95681,0.0000386967103897256
"2249",24178,95682,0.000785565964569929
"2250",5510,95683,0.00017902508333114
"2251",2771,95684,0.0000900323967169854
"2253",3719,95685,0.000120833808513341
"2255",53541,95687,0.00173959745673912
"2256",27783,95688,0.000902695805841936
"2258",895,95689,0.0000290793919385427
"2262",27268,95691,0.000885962971374506
"2264",3600,95692,0.00011696738656844
"2265",4882,95693,0.00015862077256309
"2266",7771,95694,0.000252487100284263
"2267",31050,95695,0.0010088437091528
"2270",140,95699,0.00000454873169988378
"2271",623,95701,0.0000202418560644828
"2272",963,95703,0.0000312887759070577
"2273",4018,95709,0.000130548599786664
"2274",8360,95713,0.000271624264364489
"2279",13,95721,0.000000422382229274922
"2280",3831,95722,0.000124472793873248
"2283",7238,95726,0.000235169428883991
"2284",467,95728,0.0000151732693131838
"2286",231,95736,0.00000750540730480824
"2287",6754,95742,0.000219443813578679
"2288",18390,95746,0.000597508399720448
"2289",43036,95747,0.00139828012454427
"2290",32534,95757,0.00105706026517156
"2291",47147,95758,0.00153185038181729
"2292",30428,95762,0.000988634344029026
"2293",26747,95765,0.000869035191262796
"2294",16278,95776,0.00052888753293363
"2295",6450,95811,0.000209566567601788
"2316",9359,95814,0.000304082714137231
"2337",19655,95815,0.000638609439722969
"2344",15188,95816,0.000493472407555963
"2345",12155,95817,0.000394927384372052
"2354",16240,95818,0.000527652877186518
"2359",15611,95819,0.000507216075477755
"2360",26353,95820,0.000856233760621695
"2362",27313,95821,0.000887425063706612
"2365",33435,95822,0.00108633460275439
"2373",53053,95823,0.00172374187767096
"2376",22114,95824,0.000718504662937357
"2379",25940,95825,0.000842815002107038
"2380",31100,95826,0.00101046825618847
"2381",15966,95827,0.000518750359431032
"2382",46412,95828,0.0015079695403929
"2383",19173,95829,0.000622948806299084
"2384",597,95830,0.000019397091605933
"2385",35129,95831,0.00114137425632298
"2387",30063,95833,0.000976775150668615
"2388",18642,95834,0.000605696116780239
"2389",29385,95835,0.000954746292864892
"2391",25349,95838,0.000823612856145385
"2392",14990,95841,0.000487039201294699
"2393",24000,95842,0.000779782577122934
"2394",35238,95843,0.00114491576886075
"2395",18275,95864,0.000593771941538401
"2396",24886,95901,0.000808569550595055
"2398",115,95910,0.00000373645818204739
"2399",3467,95912,0.00011264609145355
"2400",509,95972,0.0000165378888231489
"2401",509,95914,0.0000165378888231489
"2404",1126,95916,0.000036584799243351
"2405",2716,95917,0.0000882453949777453
"2406",1645,95918,0.0000534475974736344
"2407",1192,95919,0.000038729201330439
"2409",536,95922,0.0000174151442224122
"2411",83,95925,0.00000269674807921681
"2413",32504,95926,0.00105608553695016
"2414",30117,95928,0.000978529661467141
"2416",72,95930,0.0000023393477313688
"2417",5807,95932,0.000188674892723037
"2418",332,95934,0.0000107869923168672
"2419",506,95935,0.0000164404160010085
"2420",183,95936,0.00000594584215056237
"2421",939,95937,0.0000305089933299348
"2422",3208,95938,0.000104230937808765
"2423",423,95939,0.0000137436679217917
"2424",357,95941,0.0000115992658347036
"2425",912,95942,0.0000296317379306715
"2426",587,95943,0.0000190721821987984
"2427",12,95944,0.000000389891288561467
"2429",21325,95945,0.00069286931071444
"2431",8552,95946,0.000277862524981472
"2432",1352,95947,0.0000439277518445919
"2433",8182,95948,0.000265840876917493
"2434",16545,95949,0.000537562614104122
"2435",423,95950,0.0000137436679217917
"2436",2021,95951,0.0000656641911818937
"2437",7975,95953,0.000259115252189808
"2438",10467,95954,0.000340082676447739
"2439",1010,95955,0.0000328158501205901
"2441",604,95957,0.0000196245281909272
"2442",14981,95959,0.000486746782828278
"2443",757,95960,0.0000245956421200859
"2444",18765,95961,0.000609692502487994
"2445",1124,95962,0.0000365198173619241
"2446",11038,95963,0.000358635003595123
"2448",16279,95965,0.000528920023874343
"2450",24888,95966,0.000808634532476482
"2451",1092,95968,0.0000354801072590935
"2452",23458,95967,0.000762172487256241
"2453",23458,95969,0.000762172487256241
"2454",424,95970,0.0000137761588625052
"2455",4848,95971,0.000157516080578833
"2457",26388,95973,0.000857370943546666
"2459",1788,95975,0.0000580938019956586
"2460",1575,95977,0.0000511732316236925
"2462",611,95979,0.0000198519647759214
"2464",2373,95982,0.0000771010023130301
"2465",395,95983,0.000012833921581815
"2468",4417,95987,0.000143512485131333
"2470",7289,95988,0.000236826466860378
"2471",30672,95991,0.000996562133563109
"2473",28183,95993,0.000915692182127318
"2475",27389,96001,0.000889894375200835
"2476",26545,96002,0.000862472021238678
"2477",36850,96003,0.00119729116529084
"2478",300,96006,0.00000974728221403667
"2479",18056,96007,0.000586656425522154
"2480",971,96008,0.0000315487034327654
"2481",264,96009,0.00000857760834835227
"2482",166,96010,0.00000539349615843362
"2483",122,96011,0.00000396389476704158
"2484",3181,96013,0.000103353682409502
"2485",139,96014,0.00000451624075917032
"2486",672,96015,0.0000218339121594421
"2488",173,96017,0.00000562093274342781
"2490",7997,96019,0.000259830052885504
"2492",1820,96020,0.0000591335120984891
"2493",11905,96021,0.000386804649193689
"2494",13899,96022,0.000451591584976319
"2495",971,96023,0.0000315487034327654
"2496",915,96024,0.0000297292107528118
"2497",1847,96025,0.0000600107674977524
"2498",2020,96027,0.0000656317002411802
"2499",1278,96028,0.0000415234222317962
"2501",138,96031,0.00000448374981845687
"2502",1830,96032,0.0000594584215056237
"2505",264,96034,0.00000857760834835227
"2507",3061,96035,0.0000994547695238875
"2512",2502,96041,0.0000812923336650658
"2513",831,96044,0.0000269999717328816
"2514",255,96046,0.00000828518988193117
"2516",809,96048,0.0000262851710371856
"2518",363,96050,0.0000117942114789844
"2520",1024,96051,0.0000332707232905785
"2521",1450,96052,0.0000471118640345106
"2522",219,96054,0.00000711551601624677
"2523",3351,96055,0.00010887714233079
"2524",1317,96056,0.000042790568919621
"2525",1154,96057,0.0000374945455833277
"2526",589,96058,0.0000191371640802253
"2527",592,96059,0.0000192346369023657
"2531",3840,96064,0.000124765212339669
"2532",340,96065,0.0000110469198425749
"2533",6004,96067,0.000195075608043587
"2534",121,96068,0.00000393140382632812
"2535",738,96069,0.0000239783142465302
"2537",3582,96073,0.000116382549635598
"2539",305,96075,0.00000990973691760395
"2541",21762,96080,0.00070706785180622
"2544",340,96086,0.0000110469198425749
"2546",3594,96088,0.000116772440924159
"2548",511,96091,0.0000166028707045758
"2550",3171,96093,0.000103028773002368
"2551",5227,96094,0.000169830147109232
"2553",7726,96097,0.000251025007952158
"2554",4228,96101,0.00013737169733649
"2555",1294,96103,0.0000420432772832115
"2556",510,96104,0.0000165703797638623
"2557",110,96105,0.00000357400347848011
"2559",933,96107,0.000030314047685654
"2560",7,96108,0.000000227436584994189
"2561",606,96109,0.0000196895100723541
"2562",108,96110,0.0000035090215970532
"2563",69,96111,0.00000224187490922843
"2564",168,96112,0.00000545847803986054
"2565",2129,96113,0.0000691732127789469
"2566",2813,96114,0.0000913970162269505
"2567",198,96115,0.0000064332062612642
"2568",150,96116,0.00000487364110701834
"2569",184,96117,0.00000597833309127583
"2570",1298,96118,0.0000421732410460653
"2571",71,96119,0.00000230685679065535
"2572",914,96120,0.0000296967198120984
"2573",229,96121,0.00000744042542338133
"2574",3671,96122,0.000119274243359095
"2576",366,96124,0.0000118916843011247
"2577",264,96125,0.00000857760834835227
"2578",85,96126,0.00000276172996064372
"2579",635,96128,0.0000206317473530443
"2580",28,96129,0.000000909746339976756
"2581",18949,96130,0.00061567083557927
"2584",98,96133,0.00000318411218991865
"2585",1969,96134,0.000063974662264794
"2587",120,96136,0.00000389891288561467
"2588",3118,96137,0.000101306753144554
"2589",964,96140,0.0000313212668477712
"2590",538,96141,0.0000174801261038391
"2591",616,96142,0.0000200144194794886
"2592",3142,96143,0.000102086535721677
"2593",2653,96145,0.0000861984657127976
"2594",790,96146,0.0000256678431636299
"2595",604,96148,0.0000196245281909272
"2596",23635,96150,0.000767923383762522
"2600",23635,96158,0.000767923383762522
"2602",23635,96151,0.000767923383762522
"2603",0,96155,0
"2604",14610,96161,0.000474692643823586
