"","ZIP","wavail"
"1","90001",0.05
"2","90002",0.05
"3","90003",0.05
"4","90004",0.05
"5","90005",0.05
"6","90006",0.05
"7","90007",0.05
"8","90008",0.05
"9","90010",0.05
"10","90011",0.05
"11","90012",0.05
"12","90013",0.05
"13","90014",0.05
"14","90015",0.05
"15","90016",0.05
"16","90017",0.05
"17","90018",0.05
"18","90019",0.05
"19","90020",0.05
"20","90021",0.05
"21","90022",0.05
"22","90023",0.05
"23","90024",0.05
"24","90025",0.05
"25","90026",0.05
"26","90027",0.05
"27","90028",0.05
"28","90029",0.05
"29","90031",0.05
"30","90032",0.05
"31","90033",0.05
"32","90034",0.05
"33","90035",0.05
"34","90036",0.05
"35","90037",0.05
"36","90038",0.05
"37","90039",0.05
"38","90040",0.05
"39","90041",0.05
"40","90042",0.05
"41","90043",0.05
"42","90044",0.05
"43","90045",0.05
"44","90046",0.05
"45","90047",0.05
"46","90048",0.05
"47","90049",0.05
"48","90050",0.05
"49","90056",0.05
"50","90057",0.05
"51","90059",0.05
"52","90061",0.05
"53","90062",0.05
"54","90063",0.05
"55","90064",0.05
"56","90065",0.05
"57","90066",0.05
"58","90067",0.05
"59","90068",0.05
"60","90069",0.05
"61","90077",0.05
"62","90094",0.05
"63","90201",0.05
"64","90210",0.05
"65","90211",0.05
"66","90212",0.05
"67","90220",0.05
"68","90221",0.05
"69","90222",0.05
"70","90230",0.05
"71","90232",0.05
"72","90240",0.05
"73","90241",0.05
"74","90242",0.05
"75","90245",0.05
"76","90247",0.05
"77","90248",0.05
"78","90249",0.05
"79","90250",0.05
"80","90254",0.05
"81","90255",0.05
"82","90260",0.05
"83","90262",0.05
"84","90264",0.05
"85","90265",0.05
"86","90266",0.05
"87","90270",0.05
"88","90272",0.05
"89","90274",0.05
"90","90275",0.05
"91","90277",0.05
"92","90278",0.05
"93","90280",0.05
"94","90290",0.05
"95","90291",0.05
"96","90292",0.05
"97","90293",0.05
"98","90301",0.05
"99","90302",0.05
"100","90303",0.05
"101","90304",0.05
"102","90305",0.05
"103","90401",0.05
"104","90402",0.05
"105","90403",0.05
"106","90404",0.05
"107","90405",0.05
"108","90501",0.05
"109","90502",0.05
"110","90503",0.05
"111","90504",0.05
"112","90505",0.05
"113","90601",0.05
"114","90602",0.05
"115","90603",0.05
"116","90604",0.05
"117","90605",0.05
"118","90606",0.05
"119","90620",0.05
"120","90621",0.05
"121","90623",0.05
"122","90630",0.05
"123","90631",0.05
"124","90638",0.05
"125","90640",0.05
"126","90650",0.05
"127","90660",0.05
"128","90670",0.05
"129","90680",0.05
"130","90701",0.05
"131","90703",0.05
"132","90704",0.05
"133","90706",0.05
"134","90707",0.05
"135","90710",0.05
"136","90712",0.05
"137","90713",0.05
"138","90715",0.05
"139","90716",0.05
"140","90717",0.05
"141","90720",0.05
"142","90723",0.05
"143","90731",0.05
"144","90732",0.05
"145","90740",0.05
"146","90744",0.05
"147","90745",0.05
"148","90746",0.05
"149","90755",0.05
"150","90802",0.05
"151","90803",0.05
"152","90804",0.05
"153","90805",0.05
"154","90806",0.05
"155","90807",0.05
"156","90808",0.05
"157","90810",0.05
"158","90813",0.05
"159","90814",0.05
"160","90815",0.05
"161","91001",0.05
"162","91003",0.05
"163","91006",0.05
"164","91007",0.05
"165","91008",0.05
"166","91010",0.05
"167","91011",0.05
"168","91012",0.05
"169","91016",0.05
"170","91020",0.05
"171","91024",0.05
"172","91030",0.05
"173","91040",0.05
"174","91042",0.05
"175","91101",0.05
"176","91103",0.05
"177","91104",0.05
"178","91105",0.05
"179","91106",0.05
"180","91107",0.05
"181","91108",0.05
"182","91201",0.05
"183","91202",0.05
"184","91203",0.05
"185","91204",0.05
"186","91205",0.05
"187","91206",0.05
"188","91207",0.05
"189","91208",0.05
"190","91214",0.05
"191","91301",0.05
"192","91302",0.05
"193","91303",0.05
"194","91304",0.05
"195","91306",0.05
"196","91307",0.05
"197","91311",0.05
"198","91316",0.05
"199","91320",0.05
"200","91321",0.05
"201","91324",0.05
"202","91325",0.05
"203","91326",0.05
"204","91331",0.05
"205","91335",0.05
"206","91340",0.05
"207","91342",0.05
"208","91343",0.05
"209","91344",0.05
"210","91345",0.05
"211","91350",0.05
"212","91351",0.05
"213","91352",0.05
"214","91354",0.05
"215","91355",0.05
"216","91356",0.05
"217","91360",0.05
"218","91361",0.05
"219","91362",0.05
"220","91364",0.05
"221","91367",0.05
"222","91377",0.05
"223","91381",0.05
"224","91384",0.05
"225","91387",0.05
"226","91390",0.05
"227","91392",0.05
"228","91401",0.05
"229","91402",0.05
"230","91403",0.05
"231","91405",0.05
"232","91406",0.05
"233","91411",0.05
"234","91423",0.05
"235","91436",0.05
"236","91501",0.05
"237","91502",0.05
"238","91504",0.05
"239","91505",0.05
"240","91506",0.05
"241","91601",0.05
"242","91602",0.05
"243","91604",0.05
"244","91605",0.05
"245","91606",0.05
"246","91607",0.05
"247","91701",0.05
"248","91702",0.05
"249","91706",0.05
"250","91708",0.05
"251","91709",0.05
"252","91710",0.05
"253","91711",0.05
"254","91722",0.05
"255","91723",0.05
"256","91724",0.05
"257","91730",0.05
"258","91731",0.05
"259","91732",0.05
"260","91733",0.05
"261","91737",0.05
"262","91739",0.05
"263","91740",0.05
"264","91741",0.05
"265","91744",0.05
"266","91745",0.05
"267","91746",0.05
"268","91748",0.05
"269","91750",0.05
"270","91752",0.05
"271","91754",0.05
"272","91755",0.05
"273","91761",0.05
"274","91762",0.05
"275","91763",0.05
"276","91764",0.05
"277","91765",0.05
"278","91766",0.05
"279","91767",0.05
"280","91768",0.05
"281","91770",0.05
"282","91773",0.05
"283","91775",0.05
"284","91776",0.05
"285","91780",0.05
"286","91784",0.05
"287","91786",0.05
"288","91789",0.05
"289","91790",0.05
"290","91791",0.05
"291","91792",0.05
"292","91801",0.05
"293","91803",0.05
"294","91901",0.05
"295","91902",0.05
"296","91905",1e-04
"297","91906",1e-04
"298","91910",0.05
"299","91911",0.05
"300","91913",0.05
"301","91914",0.05
"302","91915",0.05
"303","91916",1e-04
"304","91917",1e-04
"305","91932",0.05
"306","91935",0.05
"307","91941",0.05
"308","91942",0.05
"309","91945",0.05
"310","91950",0.05
"311","91962",1e-04
"312","91963",1e-04
"313","91977",0.05
"314","92003",0.05
"315","92004",1e-04
"316","92007",0.05
"317","92008",0.05
"318","92009",0.05
"319","92010",0.05
"320","92011",0.05
"321","92014",0.05
"322","92019",0.05
"323","92020",0.05
"324","92021",0.05
"325","92024",0.05
"326","92025",0.05
"327","92026",0.05
"328","92027",0.05
"329","92028",0.05
"330","92029",0.05
"331","92036",1e-04
"332","92037",0.05
"333","92040",0.05
"334","92054",0.05
"335","92056",0.05
"336","92057",0.05
"337","92058",0.05
"338","92060",0.05
"339","92061",0.05
"340","92064",0.05
"341","92065",0.05
"342","92069",0.05
"343","92071",0.05
"344","92075",0.05
"345","92078",0.05
"346","92081",0.05
"347","92082",0.05
"348","92083",0.05
"349","92084",0.05
"350","92086",0.05
"351","92088",0.05
"352","92091",0.05
"353","92101",0.05
"354","92102",0.05
"355","92103",0.05
"356","92104",0.05
"357","92105",0.05
"358","92106",0.05
"359","92107",0.05
"360","92108",0.05
"361","92109",0.05
"362","92110",0.05
"363","92111",0.05
"364","92112",0.05
"365","92113",0.05
"366","92114",0.05
"367","92115",0.05
"368","92116",0.05
"369","92117",0.05
"370","92118",0.05
"371","92119",0.05
"372","92120",0.05
"373","92121",0.05
"374","92122",0.05
"375","92123",0.05
"376","92124",0.05
"377","92126",0.05
"378","92127",0.05
"379","92128",0.05
"380","92129",0.05
"381","92130",0.05
"382","92131",0.05
"383","92139",0.05
"384","92154",0.05
"385","92173",0.05
"386","92201",1e-04
"387","92203",1e-04
"388","92210",1e-04
"389","92211",1e-04
"390","92220",0.05
"391","92223",0.05
"392","92225",1e-04
"393","92227",1e-04
"394","92230",0.05
"395","92231",1e-04
"396","92233",1e-04
"397","92234",1e-04
"398","92235",1e-04
"399","92236",1e-04
"400","92240",1e-04
"401","92241",1e-04
"402","92242",1e-04
"403","92243",1e-04
"404","92244",1e-04
"405","92249",1e-04
"406","92250",1e-04
"407","92251",1e-04
"408","92252",1e-04
"409","92253",1e-04
"410","92254",1e-04
"411","92256",1e-04
"412","92257",1e-04
"413","92260",1e-04
"414","92262",1e-04
"415","92263",1e-04
"416","92264",1e-04
"417","92266",1e-04
"418","92270",1e-04
"419","92273",1e-04
"420","92274",1e-04
"421","92276",1e-04
"422","92277",1e-04
"423","92281",1e-04
"424","92282",1e-04
"425","92283",1e-04
"426","92284",1e-04
"427","92285",1e-04
"428","92301",1e-04
"429","92307",0.05
"430","92308",0.05
"431","92310",1e-04
"432","92311",1e-04
"433","92313",0.05
"434","92314",0.05
"435","92315",0.05
"436","92316",0.05
"437","92320",0.05
"438","92321",0.05
"439","92324",0.05
"440","92325",0.05
"441","92328",1e-04
"442","92332",1e-04
"443","92333",0.05
"444","92335",0.05
"445","92336",0.05
"446","92337",0.05
"447","92339",0.05
"448","92342",1e-04
"449","92344",0.05
"450","92345",0.05
"451","92346",0.05
"452","92347",1e-04
"453","92352",0.05
"454","92354",0.05
"455","92356",0.05
"456","92358",0.05
"457","92359",0.05
"458","92363",1e-04
"459","92365",1e-04
"460","92371",0.05
"461","92372",0.05
"462","92373",0.05
"463","92374",0.05
"464","92376",0.05
"465","92377",0.05
"466","92382",0.05
"467","92386",0.05
"468","92389",1e-04
"469","92391",0.05
"470","92392",0.05
"471","92394",1e-04
"472","92395",1e-04
"473","92397",0.05
"474","92398",1e-04
"475","92399",0.05
"476","92401",0.05
"477","92404",0.05
"478","92405",0.05
"479","92407",0.05
"480","92408",0.05
"481","92410",0.05
"482","92411",0.05
"483","92501",0.05
"484","92503",0.05
"485","92504",0.05
"486","92505",0.05
"487","92506",0.05
"488","92507",0.05
"489","92508",0.05
"490","92509",0.05
"491","92518",0.05
"492","92530",0.05
"493","92532",0.05
"494","92536",0.05
"495","92539",1e-04
"496","92543",0.05
"497","92544",0.05
"498","92545",0.05
"499","92548",0.05
"500","92549",1e-04
"501","92551",0.05
"502","92553",0.05
"503","92555",0.05
"504","92557",0.05
"505","92561",0.05
"506","92562",0.05
"507","92563",0.05
"508","92567",0.05
"509","92570",0.05
"510","92571",0.05
"511","92582",0.05
"512","92583",0.05
"513","92584",0.05
"514","92585",0.05
"515","92586",0.05
"516","92587",0.05
"517","92589",0.05
"518","92590",0.05
"519","92591",0.05
"520","92592",0.05
"521","92593",0.05
"522","92595",0.05
"523","92596",0.05
"524","92602",0.05
"525","92603",0.05
"526","92604",0.05
"527","92606",0.05
"528","92610",0.05
"529","92612",0.05
"530","92614",0.05
"531","92617",0.05
"532","92618",0.05
"533","92620",0.05
"534","92624",0.05
"535","92625",0.05
"536","92626",0.05
"537","92627",0.05
"538","92629",0.05
"539","92630",0.05
"540","92637",0.05
"541","92646",0.05
"542","92647",0.05
"543","92648",0.05
"544","92649",0.05
"545","92651",0.05
"546","92653",0.05
"547","92655",0.05
"548","92656",0.05
"549","92657",0.05
"550","92660",0.05
"551","92661",0.05
"552","92663",0.05
"553","92672",0.05
"554","92673",0.05
"555","92675",0.05
"556","92676",0.05
"557","92677",0.05
"558","92679",0.05
"559","92683",0.05
"560","92688",0.05
"561","92691",0.05
"562","92692",0.05
"563","92694",0.05
"564","92701",0.05
"565","92703",0.05
"566","92704",0.05
"567","92705",0.05
"568","92706",0.05
"569","92707",0.05
"570","92708",0.05
"571","92780",0.05
"572","92782",0.05
"573","92801",0.05
"574","92802",0.05
"575","92804",0.05
"576","92805",0.05
"577","92806",0.05
"578","92807",0.05
"579","92808",0.05
"580","92821",0.05
"581","92823",0.05
"582","92831",0.05
"583","92832",0.05
"584","92833",0.05
"585","92835",0.05
"586","92840",0.05
"587","92841",0.05
"588","92843",0.05
"589","92844",0.05
"590","92845",0.05
"591","92860",0.05
"592","92861",0.05
"593","92865",0.05
"594","92866",0.05
"595","92867",0.05
"596","92868",0.05
"597","92869",0.05
"598","92870",0.05
"599","92879",0.05
"600","92880",0.05
"601","92881",0.05
"602","92882",0.05
"603","92883",0.05
"604","92886",0.05
"605","92887",0.05
"606","93001",1e-04
"607","93002",1e-04
"608","93003",1e-04
"609","93004",1e-04
"610","93010",1e-04
"611","93012",0.05
"612","93013",1e-04
"613","93015",0.05
"614","93021",0.05
"615","93022",1e-04
"616","93023",1e-04
"617","93030",1e-04
"618","93033",1e-04
"619","93035",1e-04
"620","93036",1e-04
"621","93040",0.05
"622","93041",1e-04
"623","93060",1e-04
"624","93063",0.05
"625","93065",0.05
"626","93066",1e-04
"627","93101",1e-04
"628","93103",1e-04
"629","93105",1e-04
"630","93108",1e-04
"631","93109",1e-04
"632","93110",1e-04
"633","93111",1e-04
"634","93117",1e-04
"635","93201",1e-04
"636","93202",1e-04
"637","93203",1e-04
"638","93204",1e-04
"639","93205",1e-04
"640","93206",1e-04
"641","93207",1e-04
"642","93210",1e-04
"643","93212",1e-04
"644","93215",1e-04
"645","93218",1e-04
"646","93219",1e-04
"647","93221",1e-04
"648","93222",1e-04
"649","93223",1e-04
"650","93224",1e-04
"651","93225",1e-04
"652","93230",1e-04
"653","93234",1e-04
"654","93235",1e-04
"655","93237",1e-04
"656","93238",1e-04
"657","93239",1e-04
"658","93240",1e-04
"659","93241",1e-04
"660","93242",1e-04
"661","93243",1e-04
"662","93244",1e-04
"663","93245",1e-04
"664","93247",1e-04
"665","93250",1e-04
"666","93251",1e-04
"667","93252",1e-04
"668","93255",1e-04
"669","93256",1e-04
"670","93257",1e-04
"671","93258",1e-04
"672","93260",1e-04
"673","93261",1e-04
"674","93262",1e-04
"675","93263",1e-04
"676","93265",1e-04
"677","93266",1e-04
"678","93267",1e-04
"679","93268",1e-04
"680","93270",1e-04
"681","93271",1e-04
"682","93272",1e-04
"683","93274",1e-04
"684","93276",1e-04
"685","93277",1e-04
"686","93280",1e-04
"687","93283",1e-04
"688","93285",1e-04
"689","93286",1e-04
"690","93287",1e-04
"691","93290",1e-04
"692","93291",1e-04
"693","93292",1e-04
"694","93301",1e-04
"695","93304",1e-04
"696","93305",1e-04
"697","93306",1e-04
"698","93307",1e-04
"699","93308",1e-04
"700","93309",1e-04
"701","93311",1e-04
"702","93312",1e-04
"703","93313",1e-04
"704","93314",1e-04
"705","93385",1e-04
"706","93389",1e-04
"707","93401",1e-04
"708","93402",1e-04
"709","93405",1e-04
"710","93420",1e-04
"711","93421",1e-04
"712","93422",1e-04
"713","93426",1e-04
"714","93427",1e-04
"715","93428",1e-04
"716","93430",1e-04
"717","93432",1e-04
"718","93433",1e-04
"719","93434",1e-04
"720","93436",1e-04
"721","93437",1e-04
"722","93442",1e-04
"723","93444",1e-04
"724","93445",1e-04
"725","93446",1e-04
"726","93449",1e-04
"727","93450",1e-04
"728","93451",1e-04
"729","93452",1e-04
"730","93453",1e-04
"731","93454",1e-04
"732","93455",1e-04
"733","93458",1e-04
"734","93460",1e-04
"735","93461",1e-04
"736","93463",1e-04
"737","93465",1e-04
"738","93501",1e-04
"739","93505",1e-04
"740","93510",0.05
"741","93512",1e-04
"742","93513",1e-04
"743","93514",1e-04
"744","93515",1e-04
"745","93516",1e-04
"746","93517",1e-04
"747","93518",1e-04
"748","93522",1e-04
"749","93523",1e-04
"750","93526",1e-04
"751","93527",1e-04
"752","93528",1e-04
"753","93531",1e-04
"754","93532",1e-04
"755","93534",1e-04
"756","93535",1e-04
"757","93536",1e-04
"758","93539",1e-04
"759","93541",1e-04
"760","93543",0.05
"761","93544",0.05
"762","93545",1e-04
"763","93546",1e-04
"764","93549",1e-04
"765","93550",0.05
"766","93551",1e-04
"767","93552",1e-04
"768","93553",0.05
"769","93554",1e-04
"770","93555",1e-04
"771","93556",1e-04
"772","93558",1e-04
"773","93560",1e-04
"774","93561",1e-04
"775","93562",1e-04
"776","93584",1e-04
"777","93591",1e-04
"778","93601",1e-04
"779","93602",1e-04
"780","93603",1e-04
"781","93604",1e-04
"782","93609",1e-04
"783","93610",1e-04
"784","93611",1e-04
"785","93612",1e-04
"786","93614",1e-04
"787","93615",1e-04
"788","93616",1e-04
"789","93618",1e-04
"790","93619",1e-04
"791","93620",1e-04
"792","93621",1e-04
"793","93622",1e-04
"794","93623",1e-04
"795","93625",1e-04
"796","93626",1e-04
"797","93628",1e-04
"798","93630",1e-04
"799","93631",1e-04
"800","93635",1e-04
"801","93636",1e-04
"802","93637",1e-04
"803","93638",1e-04
"804","93640",1e-04
"805","93641",1e-04
"806","93643",1e-04
"807","93644",1e-04
"808","93645",1e-04
"809","93646",1e-04
"810","93647",1e-04
"811","93648",1e-04
"812","93650",1e-04
"813","93651",1e-04
"814","93652",1e-04
"815","93653",1e-04
"816","93654",1e-04
"817","93656",1e-04
"818","93657",1e-04
"819","93660",1e-04
"820","93662",1e-04
"821","93667",1e-04
"822","93668",1e-04
"823","93669",1e-04
"824","93673",1e-04
"825","93675",1e-04
"826","93701",1e-04
"827","93702",1e-04
"828","93703",1e-04
"829","93704",1e-04
"830","93705",1e-04
"831","93706",1e-04
"832","93710",1e-04
"833","93711",1e-04
"834","93720",1e-04
"835","93721",1e-04
"836","93722",1e-04
"837","93723",1e-04
"838","93725",1e-04
"839","93726",1e-04
"840","93727",1e-04
"841","93728",1e-04
"842","93729",1e-04
"843","93730",1e-04
"844","93737",1e-04
"845","93901",1e-04
"846","93902",1e-04
"847","93905",1e-04
"848","93906",1e-04
"849","93907",1e-04
"850","93908",1e-04
"851","93912",1e-04
"852","93920",1e-04
"853","93921",1e-04
"854","93922",1e-04
"855","93923",1e-04
"856","93924",1e-04
"857","93925",1e-04
"858","93926",1e-04
"859","93927",1e-04
"860","93930",1e-04
"861","93932",1e-04
"862","93933",1e-04
"863","93940",1e-04
"864","93950",1e-04
"865","93953",1e-04
"866","93955",1e-04
"867","93960",1e-04
"868","94002",0.2
"869","94005",0.2
"870","94010",0.2
"871","94014",0.2
"872","94015",0.2
"873","94018",0.2
"874","94019",0.2
"875","94020",0.2
"876","94022",0.2
"877","94024",0.2
"878","94025",0.2
"879","94027",0.2
"880","94028",0.2
"881","94030",0.2
"882","94037",0.2
"883","94038",0.2
"884","94040",0.2
"885","94041",0.2
"886","94043",0.2
"887","94044",0.2
"888","94060",0.2
"889","94061",0.2
"890","94062",0.2
"891","94063",0.2
"892","94065",0.2
"893","94066",0.2
"894","94070",0.2
"895","94080",0.2
"896","94085",0.2
"897","94086",0.2
"898","94087",0.2
"899","94089",0.2
"900","94102",0.2
"901","94103",0.2
"902","94105",0.2
"903","94107",0.2
"904","94108",0.2
"905","94109",0.2
"906","94110",0.2
"907","94111",0.2
"908","94112",0.2
"909","94114",0.2
"910","94115",0.2
"911","94116",0.2
"912","94117",0.2
"913","94118",0.2
"914","94121",0.2
"915","94122",0.2
"916","94123",0.2
"917","94124",0.2
"918","94127",0.2
"919","94129",0.2
"920","94131",0.2
"921","94132",0.2
"922","94133",0.2
"923","94134",0.2
"924","94158",0.2
"925","94301",0.2
"926","94303",0.2
"927","94304",0.2
"928","94305",0.2
"929","94306",0.2
"930","94401",0.2
"931","94402",0.2
"932","94403",0.2
"933","94404",0.2
"934","94501",0.2
"935","94502",0.2
"936","94503",1e-04
"937","94505",1e-04
"938","94506",0.2
"939","94507",0.2
"940","94508",1e-04
"941","94509",1e-04
"942","94510",1e-04
"943","94511",1e-04
"944","94513",1e-04
"945","94514",1e-04
"946","94515",1e-04
"947","94517",0.2
"948","94518",0.2
"949","94519",0.2
"950","94520",0.2
"951","94521",0.2
"952","94523",0.2
"953","94525",1e-04
"954","94526",0.2
"955","94530",0.2
"956","94531",1e-04
"957","94533",1e-04
"958","94534",1e-04
"959","94535",1e-04
"960","94536",0.2
"961","94538",0.2
"962","94539",0.2
"963","94541",0.2
"964","94542",0.2
"965","94544",0.2
"966","94545",0.2
"967","94546",0.2
"968","94547",0.2
"969","94548",1e-04
"970","94549",0.2
"971","94550",1e-04
"972","94551",0.2
"973","94552",0.2
"974","94553",0.2
"975","94555",0.2
"976","94556",0.2
"977","94558",1e-04
"978","94559",1e-04
"979","94560",0.2
"980","94561",1e-04
"981","94563",0.2
"982","94564",0.2
"983","94565",0.2
"984","94566",0.2
"985","94567",1e-04
"986","94568",0.2
"987","94571",1e-04
"988","94572",1e-04
"989","94573",1e-04
"990","94574",1e-04
"991","94576",1e-04
"992","94577",0.2
"993","94578",0.2
"994","94579",0.2
"995","94580",0.2
"996","94582",0.2
"997","94583",0.2
"998","94585",1e-04
"999","94586",0.2
"1000","94587",0.2
"1001","94588",0.2
"1002","94589",1e-04
"1003","94590",1e-04
"1004","94591",1e-04
"1005","94592",1e-04
"1006","94595",0.2
"1007","94596",0.2
"1008","94597",0.2
"1009","94598",0.2
"1010","94599",1e-04
"1011","94601",0.2
"1012","94602",0.2
"1013","94603",0.2
"1014","94605",0.2
"1015","94606",0.2
"1016","94607",0.2
"1017","94608",0.2
"1018","94609",0.2
"1019","94610",0.2
"1020","94611",0.2
"1021","94612",0.2
"1022","94618",0.2
"1023","94619",0.2
"1024","94621",0.2
"1025","94702",0.2
"1026","94703",0.2
"1027","94704",0.2
"1028","94705",0.2
"1029","94706",0.2
"1030","94707",0.2
"1031","94708",0.2
"1032","94709",0.2
"1033","94710",0.2
"1034","94801",0.2
"1035","94803",0.2
"1036","94804",0.2
"1037","94805",0.2
"1038","94806",0.2
"1039","94901",0.2
"1040","94903",0.2
"1041","94904",0.2
"1042","94920",0.2
"1043","94925",0.2
"1044","94928",1e-04
"1045","94930",0.2
"1046","94931",1e-04
"1047","94937",1e-04
"1048","94939",0.2
"1049","94941",0.2
"1050","94945",1e-04
"1051","94946",1e-04
"1052","94947",1e-04
"1053","94949",1e-04
"1054","94951",1e-04
"1055","94952",1e-04
"1056","94954",1e-04
"1057","94956",1e-04
"1058","94960",0.2
"1059","94965",0.2
"1060","95001",1e-04
"1061","95003",1e-04
"1062","95004",1e-04
"1063","95005",0.2
"1064","95006",0.2
"1065","95008",0.2
"1066","95010",1e-04
"1067","95012",1e-04
"1068","95014",0.2
"1069","95017",0.2
"1070","95018",0.2
"1071","95019",1e-04
"1072","95020",1e-04
"1073","95023",1e-04
"1074","95030",0.2
"1075","95032",0.2
"1076","95033",0.2
"1077","95035",0.2
"1078","95037",1e-04
"1079","95039",1e-04
"1080","95043",1e-04
"1081","95045",1e-04
"1082","95046",1e-04
"1083","95050",0.2
"1084","95051",0.2
"1085","95054",0.2
"1086","95060",0.2
"1087","95062",1e-04
"1088","95064",1e-04
"1089","95065",1e-04
"1090","95066",0.2
"1091","95070",0.2
"1092","95073",1e-04
"1093","95075",1e-04
"1094","95076",1e-04
"1095","95110",0.2
"1096","95111",0.2
"1097","95112",0.2
"1098","95113",0.2
"1099","95116",0.2
"1100","95117",0.2
"1101","95118",0.2
"1102","95119",0.2
"1103","95120",0.2
"1104","95121",0.2
"1105","95122",0.2
"1106","95123",0.2
"1107","95124",0.2
"1108","95125",0.2
"1109","95126",0.2
"1110","95127",0.2
"1111","95128",0.2
"1112","95129",0.2
"1113","95130",0.2
"1114","95131",0.2
"1115","95132",0.2
"1116","95133",0.2
"1117","95134",0.2
"1118","95135",0.2
"1119","95136",0.2
"1120","95138",0.2
"1121","95139",0.2
"1122","95140",0.2
"1123","95148",0.2
"1124","95172",0.2
"1125","95202",1e-04
"1126","95203",1e-04
"1127","95204",1e-04
"1128","95205",1e-04
"1129","95206",1e-04
"1130","95207",1e-04
"1131","95209",1e-04
"1132","95210",1e-04
"1133","95212",1e-04
"1134","95215",1e-04
"1135","95219",1e-04
"1136","95220",1e-04
"1137","95222",1e-04
"1138","95223",1e-04
"1139","95224",1e-04
"1140","95225",1e-04
"1141","95228",1e-04
"1142","95231",1e-04
"1143","95236",1e-04
"1144","95237",1e-04
"1145","95240",1e-04
"1146","95242",1e-04
"1147","95245",1e-04
"1148","95246",1e-04
"1149","95247",1e-04
"1150","95249",1e-04
"1151","95251",1e-04
"1152","95252",1e-04
"1153","95255",1e-04
"1154","95257",1e-04
"1155","95258",1e-04
"1156","95301",1e-04
"1157","95303",1e-04
"1158","95304",1e-04
"1159","95306",1e-04
"1160","95307",1e-04
"1161","95310",1e-04
"1162","95311",1e-04
"1163","95315",1e-04
"1164","95316",1e-04
"1165","95317",1e-04
"1166","95318",1e-04
"1167","95320",1e-04
"1168","95321",1e-04
"1169","95322",1e-04
"1170","95323",1e-04
"1171","95324",1e-04
"1172","95326",1e-04
"1173","95327",1e-04
"1174","95328",1e-04
"1175","95329",1e-04
"1176","95330",1e-04
"1177","95333",1e-04
"1178","95334",1e-04
"1179","95335",1e-04
"1180","95336",1e-04
"1181","95337",1e-04
"1182","95338",1e-04
"1183","95340",1e-04
"1184","95341",1e-04
"1185","95345",1e-04
"1186","95348",1e-04
"1187","95350",1e-04
"1188","95351",1e-04
"1189","95353",1e-04
"1190","95354",1e-04
"1191","95355",1e-04
"1192","95356",1e-04
"1193","95357",1e-04
"1194","95358",1e-04
"1195","95360",1e-04
"1196","95361",1e-04
"1197","95363",1e-04
"1198","95365",1e-04
"1199","95366",1e-04
"1200","95367",1e-04
"1201","95368",1e-04
"1202","95369",1e-04
"1203","95370",1e-04
"1204","95372",1e-04
"1205","95374",1e-04
"1206","95376",1e-04
"1207","95377",1e-04
"1208","95379",1e-04
"1209","95380",1e-04
"1210","95382",1e-04
"1211","95383",1e-04
"1212","95386",1e-04
"1213","95388",1e-04
"1214","95389",1e-04
"1215","95391",1e-04
"1216","95401",1e-04
"1217","95403",1e-04
"1218","95404",1e-04
"1219","95405",1e-04
"1220","95407",1e-04
"1221","95409",1e-04
"1222","95410",1e-04
"1223","95415",1e-04
"1224","95420",1e-04
"1225","95421",1e-04
"1226","95422",1e-04
"1227","95423",1e-04
"1228","95425",1e-04
"1229","95426",1e-04
"1230","95427",1e-04
"1231","95428",1e-04
"1232","95432",1e-04
"1233","95436",1e-04
"1234","95437",1e-04
"1235","95439",1e-04
"1236","95441",1e-04
"1237","95442",1e-04
"1238","95444",1e-04
"1239","95445",1e-04
"1240","95446",1e-04
"1241","95448",1e-04
"1242","95449",1e-04
"1243","95450",1e-04
"1244","95451",1e-04
"1245","95453",1e-04
"1246","95456",1e-04
"1247","95457",1e-04
"1248","95458",1e-04
"1249","95459",1e-04
"1250","95460",1e-04
"1251","95461",1e-04
"1252","95462",1e-04
"1253","95463",1e-04
"1254","95464",1e-04
"1255","95465",1e-04
"1256","95466",1e-04
"1257","95467",1e-04
"1258","95469",1e-04
"1259","95470",1e-04
"1260","95472",1e-04
"1261","95476",1e-04
"1262","95482",1e-04
"1263","95485",1e-04
"1264","95488",1e-04
"1265","95490",1e-04
"1266","95492",1e-04
"1267","95493",1e-04
"1268","95494",1e-04
"1269","95501",1e-04
"1270","95503",1e-04
"1271","95514",1e-04
"1272","95519",1e-04
"1273","95521",1e-04
"1274","95524",1e-04
"1275","95525",1e-04
"1276","95526",1e-04
"1277","95527",1e-04
"1278","95528",1e-04
"1279","95531",1e-04
"1280","95536",1e-04
"1281","95538",1e-04
"1282","95540",1e-04
"1283","95542",1e-04
"1284","95543",1e-04
"1285","95546",1e-04
"1286","95547",1e-04
"1287","95548",1e-04
"1288","95549",1e-04
"1289","95551",1e-04
"1290","95552",1e-04
"1291","95554",1e-04
"1292","95556",1e-04
"1293","95559",1e-04
"1294","95560",1e-04
"1295","95562",1e-04
"1296","95563",1e-04
"1297","95564",1e-04
"1298","95565",1e-04
"1299","95567",1e-04
"1300","95570",1e-04
"1301","95573",1e-04
"1302","95589",1e-04
"1303","95595",1e-04
"1304","95601",1e-04
"1305","95602",1e-04
"1306","95603",1e-04
"1307","95605",1e-04
"1308","95607",1e-04
"1309","95608",1e-04
"1310","95610",1e-04
"1311","95612",1e-04
"1312","95614",1e-04
"1313","95616",1e-04
"1314","95618",1e-04
"1315","95619",1e-04
"1316","95620",1e-04
"1317","95621",1e-04
"1318","95623",1e-04
"1319","95624",1e-04
"1320","95626",1e-04
"1321","95627",1e-04
"1322","95628",1e-04
"1323","95629",1e-04
"1324","95630",1e-04
"1325","95631",1e-04
"1326","95632",1e-04
"1327","95633",1e-04
"1328","95634",1e-04
"1329","95635",1e-04
"1330","95638",1e-04
"1331","95640",1e-04
"1332","95642",1e-04
"1333","95645",1e-04
"1334","95648",1e-04
"1335","95650",1e-04
"1336","95655",1e-04
"1337","95658",1e-04
"1338","95659",1e-04
"1339","95660",1e-04
"1340","95661",1e-04
"1341","95662",1e-04
"1342","95663",1e-04
"1343","95664",1e-04
"1344","95665",1e-04
"1345","95666",1e-04
"1346","95667",1e-04
"1347","95668",1e-04
"1348","95669",1e-04
"1349","95670",1e-04
"1350","95672",1e-04
"1351","95673",1e-04
"1352","95674",1e-04
"1353","95677",1e-04
"1354","95678",1e-04
"1355","95681",1e-04
"1356","95682",1e-04
"1357","95683",1e-04
"1358","95684",1e-04
"1359","95685",1e-04
"1360","95687",1e-04
"1361","95688",1e-04
"1362","95689",1e-04
"1363","95691",1e-04
"1364","95692",1e-04
"1365","95693",1e-04
"1366","95694",1e-04
"1367","95695",1e-04
"1368","95699",1e-04
"1369","95701",1e-04
"1370","95703",1e-04
"1371","95709",1e-04
"1372","95713",1e-04
"1373","95721",1e-04
"1374","95722",1e-04
"1375","95726",1e-04
"1376","95728",1e-04
"1377","95736",1e-04
"1378","95742",1e-04
"1379","95746",1e-04
"1380","95747",1e-04
"1381","95757",1e-04
"1382","95758",1e-04
"1383","95762",1e-04
"1384","95765",1e-04
"1385","95776",1e-04
"1386","95811",1e-04
"1387","95814",1e-04
"1388","95815",1e-04
"1389","95816",1e-04
"1390","95817",1e-04
"1391","95818",1e-04
"1392","95819",1e-04
"1393","95820",1e-04
"1394","95821",1e-04
"1395","95822",1e-04
"1396","95823",1e-04
"1397","95824",1e-04
"1398","95825",1e-04
"1399","95826",1e-04
"1400","95827",1e-04
"1401","95828",1e-04
"1402","95829",1e-04
"1403","95830",1e-04
"1404","95831",1e-04
"1405","95833",1e-04
"1406","95834",1e-04
"1407","95835",1e-04
"1408","95838",1e-04
"1409","95841",1e-04
"1410","95842",1e-04
"1411","95843",1e-04
"1412","95864",1e-04
"1413","95901",1e-04
"1414","95910",1e-04
"1415","95912",1e-04
"1416","95914",1e-04
"1417","95916",1e-04
"1418","95917",1e-04
"1419","95918",1e-04
"1420","95919",1e-04
"1421","95922",1e-04
"1422","95925",1e-04
"1423","95926",1e-04
"1424","95928",1e-04
"1425","95930",1e-04
"1426","95932",1e-04
"1427","95934",1e-04
"1428","95935",1e-04
"1429","95936",1e-04
"1430","95937",1e-04
"1431","95938",1e-04
"1432","95939",1e-04
"1433","95941",1e-04
"1434","95942",1e-04
"1435","95943",1e-04
"1436","95944",1e-04
"1437","95945",1e-04
"1438","95946",1e-04
"1439","95947",1e-04
"1440","95948",1e-04
"1441","95949",1e-04
"1442","95950",1e-04
"1443","95951",1e-04
"1444","95953",1e-04
"1445","95954",1e-04
"1446","95955",1e-04
"1447","95957",1e-04
"1448","95959",1e-04
"1449","95960",1e-04
"1450","95961",1e-04
"1451","95962",1e-04
"1452","95963",1e-04
"1453","95965",1e-04
"1454","95966",1e-04
"1455","95967",1e-04
"1456","95968",1e-04
"1457","95969",1e-04
"1458","95970",1e-04
"1459","95971",1e-04
"1460","95972",1e-04
"1461","95973",1e-04
"1462","95975",1e-04
"1463","95977",1e-04
"1464","95979",1e-04
"1465","95982",1e-04
"1466","95983",1e-04
"1467","95987",1e-04
"1468","95988",1e-04
"1469","95991",1e-04
"1470","95993",1e-04
"1471","96001",1e-04
"1472","96002",1e-04
"1473","96003",1e-04
"1474","96006",1e-04
"1475","96007",1e-04
"1476","96008",1e-04
"1477","96009",1e-04
"1478","96010",1e-04
"1479","96011",1e-04
"1480","96013",1e-04
"1481","96014",1e-04
"1482","96015",1e-04
"1483","96017",1e-04
"1484","96019",1e-04
"1485","96020",1e-04
"1486","96021",1e-04
"1487","96022",1e-04
"1488","96023",1e-04
"1489","96024",1e-04
"1490","96025",1e-04
"1491","96027",1e-04
"1492","96028",1e-04
"1493","96031",1e-04
"1494","96032",1e-04
"1495","96034",1e-04
"1496","96035",1e-04
"1497","96041",1e-04
"1498","96044",1e-04
"1499","96046",1e-04
"1500","96048",1e-04
"1501","96050",1e-04
"1502","96051",1e-04
"1503","96052",1e-04
"1504","96054",1e-04
"1505","96055",1e-04
"1506","96056",1e-04
"1507","96057",1e-04
"1508","96058",1e-04
"1509","96059",1e-04
"1510","96064",1e-04
"1511","96065",1e-04
"1512","96067",1e-04
"1513","96068",1e-04
"1514","96069",1e-04
"1515","96073",1e-04
"1516","96075",1e-04
"1517","96080",1e-04
"1518","96086",1e-04
"1519","96088",1e-04
"1520","96091",1e-04
"1521","96093",1e-04
"1522","96094",1e-04
"1523","96097",1e-04
"1524","96101",1e-04
"1525","96103",1e-04
"1526","96104",1e-04
"1527","96105",1e-04
"1528","96107",1e-04
"1529","96108",1e-04
"1530","96109",1e-04
"1531","96110",1e-04
"1532","96111",1e-04
"1533","96112",1e-04
"1534","96113",1e-04
"1535","96114",1e-04
"1536","96115",1e-04
"1537","96116",1e-04
"1538","96117",1e-04
"1539","96118",1e-04
"1540","96119",1e-04
"1541","96120",1e-04
"1542","96121",1e-04
"1543","96122",1e-04
"1544","96124",1e-04
"1545","96125",1e-04
"1546","96126",1e-04
"1547","96128",1e-04
"1548","96129",1e-04
"1549","96130",1e-04
"1550","96133",1e-04
"1551","96134",1e-04
"1552","96136",1e-04
"1553","96137",1e-04
"1554","96140",1e-04
"1555","96141",1e-04
"1556","96142",1e-04
"1557","96143",1e-04
"1558","96145",1e-04
"1559","96146",1e-04
"1560","96148",1e-04
"1561","96150",1e-04
"1562","96151",1e-04
"1563","96155",1e-04
"1564","96158",1e-04
"1565","96161",1e-04
